jobID,title,post,tag,company,place,job/interview
1,Agile Developing Department,Agile Development,Developer,Hooli,Delhi,job
2,Entry Level Software Developer,AI/RPA development,Developer,Pied Piper,Mumbai,job
3,Entry Level Software Engineer,Amazon App Development,Developer,FLY,Kolkata,job
4,Junior Web Developer,Backend Development,Backend Developer,Ali Baba,Bangalore,internship
5,Junior Developer,BIRT Development,Backend Developer,Amazon,Hyderabad,internship
6,Entry Level Web Developer,Cloud Development,Backend Developer,Google,Ahmadabad,job
7,New Grad Software Engineer,Database Development,Backend Developer,Hooli,Pune,internship
8,Jr Developer,Development Operations,Backend Developer,Pied Piper,Surat,internship
9,Junior Software Engineer,Facebook Development,Backend Developer,FLY,Jaipur,job
10,Entry Level Network Engineer,Frontend Development,Frontend Developer,Ali Baba,Indore,job
11,Junior IOS Developer,Game Development,Backend Developer,Amazon,Agra,internship
12,Event Team Recruiter,iOS Development,Backend Developer,Google,Meerut,job
13,Job Developer,Julia Development,Backend Developer,Hooli,Rajkot,job
14,Mobile dataOrganizer,Mobile Development,Backend Developer,Pied Piper,Bhopal,internship
15,Team Leader,Sales force App Development,Backend Developer,FLY,Mumbai,job
16,Volunteer Coordinator,Scrum Development,Backend Developer,Ali Baba,Ghaziabad,job
17,Administrator for Nonprofit Organizations,Shopify Development,Frontend Developer,Amazon,Noida,internship
18,Advocacy Director,Software Development,Backend Developer,Google,Chandigarh,job
19,Business Office Supervisor,Web Development,Backend Developer,Hooli,Kanpur,internship
20,Campaign Manager,Mobile App Development,Backend Developer,Pied Piper,Lucknow,job
21,Dependency Director,Animated Video Development,Backend Developer,FLY,Faisalabad,internship
22,Chief Association Executive,Leadership Development,Backend Developer,Ali Baba,Gwalior,job
23,Community Health Director,Personal Development,Backend Developer,Amazon,Nagpur,internship
24,Community Relations Director,Property Development,Backend Developer,Google,Raipur,job
25,Compliance Director,Report Development ,Frontend Developer,Hooli,Bangalore,job
26,Corporate Giving Director,Research and Development,Frontend Developer,Pied Piper,Chennai,job
27,Corporate Giving Manager,Training Development,Frontend Developer,FLY,Ahmadabad,internship
28,Critical Care Director,Mobile App Testing,Testing,Ali Baba,Vadodara,job
29,Development Director,Mobile Development,Backend Developer,Amazon,Chandigarh,internship
30,Development Manager,Oculus Mobile SDK,Backend Developer,Google,Delhi,job
31,Director of App sector,Mobile App Development,Developer,Hooli,Mumbai,job
32,Director of Major Gifts,Windows Mobile,Frontend Developer,Pied Piper,Kolkata,job
33,Director of Special Initiatives,Mobile Sales,Salesman,FLY,Bangalore,internship
34,Donor Relations Manager,Mobile Repair,Salesman,Ali Baba,Hyderabad,job
35,Executive Director of Nonprofit,Mobile Welding,Salesman,Amazon,Ahmadabad,job
36,Financial Aid Director,Academic Writing,Academic,Google,Pune,job
37,Foundation Director,Article Rewriting,Articles,Hooli,Surat,job
38,Fundraising Manager,Article Writing,Artcile writing,Pied Piper,Jaipur,internship
39,Grant Proposal Manager,Blog Writing,Blog,FLY,Indore,job
40,Housing Program Manager,Book Writing,Book writing,Ali Baba,Agra,job
41,Major Gift Director,Business Writing,Business,Amazon,Meerut,job
42,Member Certification Manager,Content Writing,Content,Google,Rajkot,internship
43,Member Services Director,Copy writing,skilled Writer,Hooli,Bhopal,job
44,Planned Gift Director,Creative Writing,Creative writer,Pied Piper,Mumbai,job
45,Planned Giving Director,Editorial Writing,editorial,FLY,Ghaziabad,job
46,Planning Manager,Essay Writing,Essay,Ali Baba,Noida,internship
47,Program Director,Ghostwriting,Script,Amazon,Chandigarh,job
48,Program Manager,Grant Writing,Writing,Google,Kanpur,internship
49,Program Officer for Foundation,Medical Writing,Medicational Writing,Hooli,Lucknow,job
50,Project Manager,Online Writing,Online Writing,Microsoft,Faisalabad,job
51,Content writing Individual sector,Proposal/Bid Writing,BIDS,Infosys,Gwalior,job
52,Writer,Report Writing,Report,Ali Baba,Nagpur,internship
53,Research paper writer,Research Writing,Research,Amazon,Raipur,internship
54,Romantic story writer,Romance Writing,Romantic,Flip kart,Bangalore,job
55,Screen on script wroter,Screenwriting,Screen,Hooli,Chennai,job
56,Search engine Optimizarional writer,SEO Writing,SEO,Microsoft,Ahmadabad,internship
57,Speech writing,Speech Writing,Speech,Microsoft,Vadodara,job
58,Tech fest Writer,Technical Writing,Technicals,Ali Baba,Nagpur,job
59,Writing Content Test,Test Plan Writing,Test plan,Infosys,Raipur,job
60,Startegy Writer,Test Strategy Writing,Writing,Google,Bangalore,job
61,Travel blogger,Travel Writing,Writing,FLY,Chennai,job
62,Legal paper work,Legal Writing,Writing,Amazon,Vadodara,job
63,Web Developer,ABAP Web Dynpro,Writing,Google,Chandigarh,job
64,AWS Staff,Amazon Web Services,Backend Developer,Lalit,Delhi,internship
65,Web Toolkit Director,Google Web Toolkit,Backend Developer,Pied Piper,Mumbai,job
66,Web Developer,Google Webmaster Tools,Backend Developer,FLY,Kolkata,internship
67,Development,IBM Websphere Transformation Tool,Backend Developer,Ali Baba,Bangalore,internship
68,Community Organizer,Selenium Web driver,Frontend Developer,Amazon,Hyderabad,internship
69,Community Outreach Advocate,Web API,Frontend Developer,Google,Ahmadabad,job
70,Community Outreach Coordinator,Web Crawling,Frontend Developer,DPS,Pune,internship
71,Community Outreach Specialist,Web Development,Frontend Developer,Pied Piper,Surat,job
72,Coordinator of Planned Giving,Web Hosting,Frontend Developer,Hooli,Jaipur,job
73,Development Assistant,ABAP Web Dynpro,Backend Developer,Pied Piper,Indore,job
74,Development Associate,Amazon Web Services Associates,Backend Developer,Microsoft,Agra,internship
75,Development Coordinator,Google Web Toolkit,Backend Developer,AliBaba,Meerut,job
76,Development Officer,Google Webmaster Tools,backend Developer,Amazon,Rajkot,internship
77,Fundraiser,Web Scraping,Backend Developer,AliBaba,Vadodara,job
78,Fundraising Coordinator,Web Security,Backend Developer,Lalit,Nagpur,job
79,Grant Administrator,Web Services,Backend Developer,Google,Raipur,job
80,Web Designer,Webflow,Backend Developer,HCL,Bangalore,job
81,Front End Developer.,webMethods,Backend Developer,Pied Piper,Chennai,internship
82,UI Designer,Website Analytic,Backend Developer,FLY,Ahmadabad,job
83,UX Designer,Website Build,Backend Developer,CT hospital,Vadodara,internship
84,Interaction Designer,Website Management,Backend Developer,CT hospital,Chandigarh,job
85,Art Director. ...,Website Optimization,Backend Developer,CT hospital,Delhi,job
86,Web Developer,Website Testing,Backend Developer,CT hospital,Mumbai,job
87,Full Stack Developer.,Web OS,Backend Developer,Pied Piper,Kolkata,job
88,Web page writer,Web Page Writer,Backend Developer,sbi,Bangalore,internship
89,Designer of website,Website Design,Frontend Developer,AliBaba,Hyderabad,internship
90,Web Search Operator,Web Search,Frontend Developer,Amazon,Ahmadabad,job
91,Social manager,Social Engine ,Frontend Developer,Google,Delhi,internship
92,MAnagemental Media,Social Media Management,Frontend Developer,Hooli,Mumbai,job
93,Network Social Space,Social Networking,Networking,Pied Piper,Kolkata,job
94,Architecture,Software Architecture,Software,FLY,Bangalore,job
95,Development,Software Development,Developer,FLY,Hyderabad,job
96,Tester Department,Software Testing,Developer,Amazon,Ahmadabad,internship
97,Compressor Sector,Apple Compressor,Developer,Apple,Indore,job
98,Designing,Sound Design,Designer,Apple,Agra,job
99,Outlook Operator,Microsoft Outlook,Developer,Apple,Meerut,job
100,BRD operator,Software Documentation,Developer,Apple,Rajkot,job
101,Problem Solving,Combination Problem Solving,Developer,Apple,Mumbai,internship
102,Soc Designing,SoC Design,Designer,Apple,Ghaziabad,job
103,Departmental Head,Solidworks,Developer,Apple,Noida,job
104,Virtual Assitance,Virtual Assistant Solutions,IT specialist,Amazon,Chandigarh,job
105,Sensoral development,Wireless Sensors,Developer,Google,Agra,job
106,Buyer Development,Buyer Sourcing,Developer,Hooli ,Meerut,internship
107,Product Manager,Product Sourcing,Product,Pied Piper,Rajkot,job
108,Supplier,Supplier Sourcing,Product,FLY,Bhopal,internship
109,Social,Social Media Marketing,Social Media,AliBaba,Mumbai,job
110,Sales,Social Sales,Social Media,Amazon,Ghaziabad,internship
111,Product Manager,Social Video Marketing,Social Media,Google,Noida,internship
112,Sales,Software Sales,Product,Hooli ,Chandigarh,internship
113,Tax Collector,Energy and Resource Tax,energy,Flipkart,Kanpur,job
114,TAx Advisorial,General Tax Advisory,Tax,JCB,Lucknow,job
115,Resource director,Human Resources,Resource,JCB,Faisalabad,internship
116,Clerk,People Soft,Sofit,JCB,Gwalior,internship
117,Development,Personal Development,Develpment,JCB,Nagpur,internship
118,Income Source,Personal Income Tax,Income,JCB,Raipur,job
119,Housing tax operator,Personal Tax,Personal,FLY,Bangalore,internship
120,Security Tax collector,Social Security Tax,Service,AliBaba,Chennai,job
121,Tax compliance,Tax Compliance and Outsourcing,Service,Amazon,Ahmadabad,internship
122,Clerk,Visa Ready Resources,Service,Google,Vadodara,internship
123,Manager,Social Impact,Social Media,HCL,Nagpur,job
124,Sales,Big Data Sales,Service,Pied Piper,Raipur,internship
125,Account Representative,Sales force App Development,Developer,FLY,Bangalore,job
126,Advertising Sales Representative,Sales force Commerce Cloud,Developer,AliBaba,Chennai,job
127,Automotive Sales Representative,Sales force Marketing Cloud,Backend Developer,Amazon,Vadodara,job
128,B2B Corporate Sales,Sales force Lightning,Backend Developer,Google,Chandigarh,internship
129,Brand Ambassador,Aircraft Sales,Airline,vistara,Delhi,job
130,Customer Care Representative,Analytics Sales,Analytics,vistara,Mumbai,job
131,Direct Salesperson,ATS Sales,Atp,vistara,Kolkata,job
132,Distribution Sales Representative,Channel Sales,Channel,vistara,Bangalore,job
133,Enterprise Sales Representative,Cloud Sales,Cloud,vistara,Hyderabad,job
134,Equipment Sales Representative,Datacenter Sales,Datacenter,vistara,Ahmadabad,internship
135,Equipment Sales Specialist,Digital Agency Sales,Digital,Hooli,Pune,job
136,Healthcare Sales Representative,Enterprise Sales,Enterprise,Lalit,Surat,job
137,Industrial Sales Representative,Enterprise Sales Management,Sales,Lalit,Jaipur,job
138,Inside Salesperson,Field Sales,Field,Lalit,Indore,internship
139,Insurance Sales Representative,Field Sales Management,Management,Google,Agra,job
140,Medical Sales Representative,Financial Sales,Financial,FLY,Meerut,job
141,National Accounts Sales Representative,Health care Sales,Health care,maruti,Rajkot,internship
142,Outside Sales Representative,HR Sales,HR,Oracal,Vadodara,job
143,Retail Sales Representative,IDM Sales,IDM,Google,Nagpur,job
144,Route Sales Representative,Inside Sales,Inside,Hooli,Raipur,job
145,Sales Assistant,ISV Sales,ISV,AliBaba,Bangalore,internship
146,Sales Associate,Life Science Sales,Life Sciences,Amazon,Chennai,internship
147,Sales Representative,Media Sales,Media,Google,Ahmadabad,job
148,Sales Trainee,Medical Devices Sales,Devices,Hooli,Vadodara,job
149,Salesperson,Mobile Sales,Mobile,Pied Piper,Chandigarh,internship
150,Specialty Sales Representative,Network Sales,Networking,FLY,Delhi,job
151,Territory Sales Representative,OEM Sales,OEM,AliBaba,Mumbai,job
152,Account Manager,Payroll Sales,PAyroll,Amazon,Kolkata,job
153,Area Sales Manager,Recruiting Sales,Sales,Google,Bangalore,job
154,Business Development Manager,Retail Sales,Retail,Amazon,Hyderabad,job
155,Direct Sales Manager,Saar Sales,Saar,Pied Piper,Ahmadabad,internship
156,District Sales Manager,Sales Account Management,Accounts,Infosys,Delhi,job
157,Franchise Development Manager,Sales Management,Sales,Microsoft,Mumbai,internship
158,Group Sales Manager,Sales Promotion,Promotion,Police Station,Kolkata,job
159,Inside Sales Manager,Security Sales,Security,Sheet,Bangalore,internship
160,"Manager, Business Development",Social Sales,Social Sales,Ali baba,Hyderabad,internship
161,Market Development Manager,Software Sales,Product,Hooli,Ahmadabad,internship
162,Marketing Manager,Technology Sales,Product,Go ibio,Indore,job
163,National Sales Manager,Telecom Sales,Product,Capegemini,Agra,internship
164,Regional Manager,Salesforce CPQ,Product,Khaitan,Meerut,job
165,Regional Sales Manager,Salesforce.com,Product,Ambuja,Rajkot,job
166,Retail Store Manager,Certified Information Systems,IT specialist,Sujata,Mumbai,job
167,Sales and Community Marketing Manager,Chef Configuration Management,Manager,Filpkaart,Ghaziabad,internship
168,Sales Manager,Cinematography,Cinema,Hooli,Noida,job
169,Territory Manager,Digital Marketing,Social Media |  Marketing,HCL,Chandigarh,internship
170,Territory Sales Manager,Email Developer,Backend Developer,Wipro,Gwalior,job
171,Wholesale Sales Manager,FileMaker,backend Developer,Infosys,Nagpur,job
172,IT head,Geographical Information System,Developer,Microsoft,Raipur,internship
173,IT head,Google Maps API,Backend Developer,Police Station,Bangalore,job
174,Manager,Google Tag Management,Backend Developer,Sheetal,Chennai,job
175,Manager,AAUS Scientific Diver,Backend Developer,Ali baba,Ahmadabad,job
176,Analyst,ABC Analysis,Analyst,Hooli,Vadodara,job
177,Manager,AC Drives,Analyst,Go ibio,Chandigarh,internship
178,Education,Accelerator Physics,Developer,Capegemini,Delhi,job
179,Enigineering Acoustical,Acoustical Engineering,Backend Developer,Khaitan,Delhi,internship
180,Aeronautics,Aeronautical Engineering,Developer,Vistara,Mumbai,job
181,Engineering Of Aerospace Director,Aerospace Engineering,Developer,Vistara,Kolkata,job
182,VP of Department,Agronomy,Developer,Filpkaart,Bangalore,job
183,Development,AI (Artificial Intelligence,Developer,Hooli,Hyderabad,job
184,Aviation Manager,Aircraft Performance,Airline,Vistara,Ahmadabad,internship
185,Head Engineer,Aircraft Propulsion,Airline,Vistara,Chennai,internship
186,Head Engineer,Aircraft Structures,Airline,Vistara,Ahmadabad,job
187,Head Engineer,Aircraft Systems,Airline,Vistara,Vadodara,internship
188,Airfield Lighting Job,Airfield Lighting,Airline,Vistara,Nagpur,job
189,Head Engineer,Air frame,Airline,Vistara,Raipur,job
190,Management Head,Airspace Management,Airline,Vistara,Bangalore,job
191,Manager,Alarm Management,Manager,Hooli,Chennai,internship
192,Development,Alarm Systems,Developer,Pied Piper,Ahmadabad,job
193,Medicational,Alchemist,Medicne,FLY,Vadodara,internship
194,Medical Sales Representative,Analog,Medicne,Amazon,Delhi,internship
195,Medical staff,Anodizing,Medicne,Google,Mumbai,internship
196,Detection Center,Anomaly Detection,Medicne,Hooli,Kolkata,internship
197,Medical,Anritsu Certified,Medicne,Pied Piper,Bangalore,job
198,graphical Designer,Antenna Design,Designer,FLY,Hyderabad,internship
199,Specialist,Anthropology,Medicne,AliBaba,Ahmadabad,job
200,Development,Apple Home kit,Developer,Amazon,Pune,internship
201,Scientist,Astrophysics,Developer,Hooli,Jaipur,internship
202,Audio Specialist,Audio Processing,Developer,Pied Piper,Indore,job
203,Development,Auto Cad,Developer,FLY,Agra,internship
204,Developmental automotives,Automotive,Developer,AliBaba,Meerut,job
205,Development,Beagle Bone Black,Developer,Hooli,Bangalore,job
206,Biologists,Biotechnology,Developer,Pied Piper,Chennai,internship
207,BSP development,Board Support Package (BSP),Packers,AliBaba,Vadodara,job
208,Development,Broadcast Engineering,Backend Developer,Amazon,Nagpur,job
209,Development,CAD/CAM,Backend Developer,Google,Raipur,internship
210,Designing,Cellular Design,Designer,Pied Piper,Chennai,job
211,Modular Development,Cellular Modules,Developer,FLY,Ahmadabad,job
212,Chemical Engineer,Chemical Engineering,Medicianal,AliBaba,Vadodara,job
213,Layout developer,Circuit Board Layout,Designer,Amazon,Chandigarh,job
214,Design Director,Circuit Design,Designer,Google,Delhi,internship
215,Civil Services Engineer,Civil Engineering,Developer,Hooli,Mumbai,job
216,TEchnology Expert,Clean Technology,Developer,Pied Piper,Kolkata,internship
217,Climate Researcher,Climate Sciences,Nature,FLY,Bangalore,job
218,Development,Combinatorial Optimization,Developer,AliBaba,Hyderabad,job
219,Computer Scientist,Combinatorial Problem Solving,Developer,Amazon,Mumbai,job
220,IT Professional,Compliance Engineering,Developer,Google,Kolkata,internship
221,UX Designer & UI Developer,Computational Linguistics,Backend Developer,Hooli,Bangalore,job
222,SQL Developer,Construction Monitoring,Societal,Pied Piper,Hyderabad,job
223,Web Designer,Consumer Products,Product,FLY,Ahmadabad,job
224,Web Developer,Continuous Integration,Developer,AliBaba,Chennai,job
225,Help Desk Worker/Desktop Support,Controller Area Network,Developer,Amazon,Ahmadabad,internship
226,Software Engineer,Cryptography,Cyber,Google,Vadodara,job
227,Data Entry,Data Mining,Data,Hooli,Nagpur,internship
228,DevOps Engineer,Data Science,Data,Microsoft,Raipur,job
229,Computer Programmer,Deep Learning,Data,Infosys,Bangalore,job
230,Network Administrator,Devops,Backend Developer,AliBaba,Chennai,job
231,Information Security Analyst,DFM (Design for Manufacturing),Designer,Amazon,Ahmadabad,job
232,Artificial Intelligence Engineer,Digital Design,Designer,Flipkart,Vadodara,internship
233,Cloud Architect,Digital Electronics,Developer,Hooli,Chandigarh,internship
234,IT Manager,Electrical Engineering,Developer,AliBaba,Kolkata,job
235,Technical Specialist,Electronic Design,Developer,Infosys,Bangalore,job
236,Application Developer,Embedded Systems,System,FLY,Ahmadabad,internship
237,Chief Technology Officer (CTO),Engineering Drawing,Designer,Google,Jaipur,job
238,Chief Information Officer (CIO),Engineering Mathematics,Developer,Lalit,Indore,internship
239,Analyst,Finite Element Analysis,Developer,Pied Piper,Vadodara,job
240,Designing,Flex Circuit Design,Designer,FLY,Chandigarh,job
241,Designing,Genetic Algorithms,Backend Developer,Amazon,Mumbai,job
242,Genetic Engineer,Genetic Engineering,Developer,Google,Kolkata,job
243,Spatial Geo Engineer,Geo spatial,Medicine,Pied Piper,Hyderabad,job
244,Geotechnical engineer,Geotechnical Engineering,Nature,Hooli,Ahmadabad,internship
245,GUI Head,Graphical User Interface (GUI),Frontend Developer,Pied Piper,Pune,job
246,Designing,Home Design,Designer,AliBaba,Jaipur,job
247,Human Sciences Director,Human Sciences,Data,Amazon,Indore,internship
248,Imaging specialist,Imaging,Frontend Developer,Google,Agra,job
249,Cloud Architect,Industrial Engineering,Developer,sbi,Meerut,job
250,Cloud Consultant,Intercom,Developer,Pied Piper,Rajkot,job
251,Cloud Product and Project Manager,Internet of Things,Backend Developer,FLY,Raipur,internship
252,Cloud Services Developer,Intrinsic Safety Applications,Developer,AliBaba,Bangalore,job
253,Cloud Software and Network Engineer,ISM Radio Module,Signals,Lalit,Chennai,internship
254,Cloud System Administrator,Linear Programming (5),Backend Developer,Google,Ahmadabad,job
255,Cloud System Engineer,Local Interconnect Network,Backend Developer,HCL,Vadodara,job
256,Development,Machine Learning (ML),Backend Developer,Pied Piper,Nagpur,job
257,Computer and Information Research Scientist,Manufacturing Design,Designer,FLY,Raipur,job
258,Computer and Information Systems Manager,Materials Engineering,Developer,CT hospital,Bangalore,job
259,Computer Network Architect,Mathematics,Developer,CT hospital,Chennai,internship
260,Computer Systems Analyst,Mat lab and Mathematica,Developer,CT hospital,Vadodara,job
261,Computer Systems Manager,Mechanical Engineering,Developer,Pied Piper,Chandigarh,internship
262,IT Analyst,Mechatronics,Developer,sbi,Delhi,job
263,IT Coordinator,Medical,Medicianal,AliBaba,Mumbai,internship
264,Network Administrator,Microbiology,Medicianal,Amazon,Kolkata,internship
265,Network Architect,Microcontroller,Developer,Google,Bangalore,internship
266,Network and Computer Systems Administrator,Mining Engineering,Data,Pied Piper,Mumbai,internship
267,Network Engineer,Nanotechnology,Backend Developer,FLY,Bangalore,job
268,Network Systems Administrator,Natural Language,Backend Developer,Amazon,Hyderabad,job
269,Senior Network Architect,Near Field Communication (NFC),Developer,UNI salon,Ahmadabad,internship
270,Senior Network Engineer,Neural Networks,Developer,Hooli,Chennai,job
271,Senior Network System Administrator,PCB Design and Layout,Designer,Pied Piper,Rajkot,internship
272,Telecommunications Specialist,Power Amplifier RF,Power House,AP agro,Noida,job
273,Customer Support Administrator,Power Converters,Power House,AP agro,Chandigarh,internship
274,Customer Support Specialist,Power Generation,Power House,AP agro,Kanpur,job
275,Desktop Support Manager,Power Redesign,Power House,FLY,Lucknow,job
276,Desktop Support Specialist,Product End of Life (EOL),Product,AliBaba,Faisalabad,job
277,Help Desk Specialist,Product Management,Product,Amazon,Gwalior,internship
278,Help Desk Technician,Project Scheduling,Product,Google,Nagpur,job
279,IT Support Manager,Psychology,Mental Health,Hooli,Raipur,internship
280,IT Support Specialist,Quality and Reliability Testing,Testing,Pied Piper,Bangalore,job
281,IT Systems Administrator,Radio Frequency Engineering,Developer,AliBaba,Ahmadabad,job
282,Senior Support Specialist,Rapid Prototyping,Developer,Amazon,Vadodara,job
283,Senior System Administrator,Renewable Energy Design,Designer,Hooli,Delhi,internship
284,Support Specialist,RFID (Radio-frequency identification),Signals,ISRO,Kolkata,job
285,Systems Administrator,Robotic Process Automation,Backend Developer,ISRO,Bangalore,internship
286,Technical Specialist,Robotics and Cognitive Automation,Backend Developer,ISRO,Ahmadabad,job
287,Technical Support Engineer,Schematic Review,Backend Developer,ISRO,Pune,job
288,Technical Support Specialist,Scientific Computing,Developer,FLY,Jaipur,job
289,Development,Scientific Research,Backend Developer,AliBaba,Indore,internship
290,Development,Serial Peripheral Interface,Backend Developer,HCL,Rajkot,job
291,Development,Signal Processing,Signals,Pied Piper,Bhopal,job
292,Development,Smart Lighting,Backend Developer,Amazon,Noida,internship
293,Development,Smart Phone/Tablet Apps,Developer,Google,Chandigarh,job
294,Account head,Account Management,Manager,sbi,Lucknow,internship
295,Clerk,Account Payable Management,Manager,sbi,Faisalabad,internship
296,Clerk,Account Receivables Management,Manager,sbi,Gwalior,job
297,Development,Administrative Support,Administration,sbi,Raipur,job
298,Designing,Alternative Investments,Income,Hooli,Bangalore,internship
299,Designing,Annual Report Design,Designer,Lalit,Chennai,internship
300,Data Center Support Specialist,Anti Money Laundering,Expertise,Lalit,Ahmadabad,internship
301,Data Quality Manager,Antitrust Economics,Economy,Lalit,Vadodara,job
302,Database Administrator,Attorney,Legislature,Google,Nagpur,internship
303,Senior Database Administrator,Audit,Records,FLY,Raipur,job
304,Data head,Auto task,Data,maruti,Bangalore,internship
305,Banking,Bank Reconciliation,Banking,oracal,Chennai,internship
306,Data head,Budgeting and Forecasting,budget,Hooli,Vadodara,internship
307,Business,Business Analysis,Expertise,AliBaba,Chandigarh,job
308,Business,Business Analytics,Expertise,Amazon,Delhi,job
309,Business,Business Coaching,Expertise,Google,Mumbai,job
310,Business,Business Consulting,Expertise,Hooli,Kolkata,internship
311,Business,Business Plans,Expertise,Pied Piper,Bangalore,job
312,Business,Business Requirement Documentation,Documents,FLY,Hyderabad,job
313,Business,Business Strategy,Expertise,AliBaba,Ahmadabad,job
314,Manager,Care Management,Manager,Amazon,Pune,job
315,Accountancy,Certified Public Accountant,Accounts,Google,Surat,job
316,Account head,Compensation and Benefits,Accounts,Amazon,Jaipur,internship
317,Training,Compliance and Safety Training,Trainee,Wipro,Agra,job
318,Application Support Analyst,Contracts,budget,Infosys,Meerut,job
319,Senior System Analyst,Core Consulting Skills,Skillet,Microsoft,Rajkot,internship
320,Systems Analyst,Core Systems Transformation,System,Flipkart,Raipur,job
321,Systems Designer,Corporate Income Tax,Income,Sheetal,Bangalore,job
322,Development,Corporate Transactions,Income,Ali baba,Chennai,internship
323,Development,Crystal Reports,Records,Hooli,Ahmadabad,job
324,Development,Custom Duties Tax,Income,Go ibio,Vadodara,job
325,Development,Customer Experience,Product,Capegemini,Nagpur,job
326,Product Manager,Customer Retention,Product,Khaitan,Raipur,internship
327,Product Manager,Customer Strategy,Product,Ambuja,Bangalore,internship
328,Traders,Customs and Global Trade Services,Service,Sujata,Chennai,job
329,Data head,Data Analysis,Data,Filpkaart,Ahmadabad,job
330,Development,EBS Procurement,Data,HCL,Chandigarh,job
331,Development,Econometric,Data,Pied Piper,Delhi,job
332,Education,Education & Tutoring,Expertise,Microsoft,Bangalore,job
333,Education,Employee Experience,Expertise,Police Station,Hyderabad,internship
334,Institutional Fixed Income Sales Trader,Employee Training,Trainee,Sheetal,Ahmadabad,job
335,Equity Derivatives Market Specialist,Employment Law,Legislature,Ali baba,Delhi,job
336,Fixed Income Sales,Employment Tax,Income,Hooli,Mumbai,internship
337,Senior Vice President,Energy and Resource Tax,Income,Go ibio,Kolkata,job
338,Equity Sales Trader,Entrepreneurship,Development,Capegemini,Bangalore,internship
339,Junior Equity Sales Trader,Equity Transaction Advice,Income,Khaitan,Hyderabad,internship
340,Sales Assistant (Institutional Sales and Trading),Event Planning,Manager,Sujata,Pune,job
341,Production Equity Sales Trader,Executive Compensation,Service,Filpkaart,Surat,internship
342,Equity Sales and Trading Compliance Officer,Executive Reward,Service,Hooli,Jaipur,job
343,Equity Sales Trader,Expatriate Tax,Income,HCL,Indore,job
344,Investment Specialist,External Auditing,Data,Pied Piper,Agra,job
345,Institutional Global Equities Sales Trader,Finance Transformation,Service,AliBaba,Rajkot,internship
346,Cross-Asset Financial Engineer,Financial Accounting,Service,Amazon,Bhopal,internship
347,Trader,Financial Analysis,Service,Google,Mumbai,internship
348,Equity Trader,Financial Crime,Service,Hooli,Ghaziabad,job
349,Fixed Income Trader,Financial Forecasting,Service,Flipkart,Noida,internship
350,Head of Trading,Financial Markets,Service,JCB,Chandigarh,job
351,financial model,Financial Modeling,Service,JCB,Kanpur,job
352,Service Tax officer,Financial Services Tax,Income,JCB,Lucknow,job
353,Service,Fraud Detection,Service,JCB,Nagpur,internship
354,Tax Advisorial,General Tax Advisory,Income,AliBaba,Bangalore,job
355,Service,Global Mobility,Income,Amazon,Chennai,job
356,Service,Global Tax Compliance,Income,Google,Ahmadabad,internship
357,Manager,Health Care Management,Manager,HCL,Vadodara,job
358,Health,Health Planning,Health,Pied Piper,Chandigarh,job
359,Health,Health Plans Digitization,Care,FLY,Delhi,job
360,Service,Interviewing,Service,Mugshot,Surat,job
361,Service,Intuit Quick Books,Service,Muthoot,Jaipur,internship
362,Manager,Inventory Management,Manager,Hooli,Indore,internship
363,Development,Leadership Development,Developer,Lalit,Rajkot,job
364,Research,Legal Research,Service,FLY,Mumbai,job
365,Research,Legal Writing,Service,maruti,Ghaziabad,job
366,Service,Life Science Tax Services,Income,Google,Chandigarh,job
367,Service,LinkedIn Recruiting,Developer,Hooli,Kanpur,internship
368,Front End Developer,Linnworks Order Management,Manager,AliBaba,Lucknow,internship
369,Senior Web Administrator,Logistics Company,Manager,Amazon,Faisalabad,job
370,Senior Web Developer,Management Consulting,Manager,Pied Piper,Raipur,job
371,Web Administrator,Manufacturing Strategy,Manager,FLY,Bangalore,job
372,Web Developer,Market Sizing,Manager,AliBaba,Chennai,internship
373,Webmaster,Media and Entertainment Tax,Social Media |  Marketing,Amazon,Ahmadabad,job
374,Research,Operations Research,Developer,Police Station,Bangalore,job
375,Designing,Organization Design,Designer,Sheetal,Chennai,internship
376,Manager,Organizational Change Management,Manager,Ali baba,Ahmadabad,internship
377,Service,Paralegal Services,legal,Hooli,Vadodara,internship
378,Development,Personal Development,Developer,Filpkaart,Bangalore,internship
379,Application Developer,Personal Income Tax,Income,Hooli,Hyderabad,job
380,Applications Engineer,Private Client,Clerks,Pied Piper,Pune,job
381,Associate Developer,Project Management,Manager,Wipro,Surat,internship
382,Computer Programmer,Project Management Office,Manager,Infosys,Jaipur,internship
383,Developer,Property Development,Developer,Microsoft,Indore,job
384,Java Developer,Property Management,Manager,Sheetal,Meerut,job
385,Junior Software Engineer,Public Relations,Social Media |  Marketing,Ali baba,Chennai,job
386,.NET Developer,Public Sector and Taxation,Income,Hooli,Ahmadabad,job
387,Programmer,Real Estate,Income,Go ibio,Vadodara,internship
388,Programmer Analyst,Real Estate Tax,Income,Capegemini,Chandigarh,job
389,Senior Applications Engineer,Report Development,Developer,Ambuja,Gwalior,job
390,Senior Programmer,Research and Development,Developer,Sujata,Nagpur,job
391,Senior Programmer Analyst,Tax Risk Management,Manager,Hooli,Bangalore,internship
392,Senior Software Engineer,Salesforce CPQ,Salesman,HCL,Chennai,job
393,Senior System Architect,Salesforce.com,Salesman,Hooli,Ahmadabad,job
394,Senior System Designer,Shared Services,Salesman,Pied Piper,Vadodara,job
395,Senior Systems Software Engineer,Social Security Tax,Income,FLY,Chandigarh,internship
396,Software Architect,Start up Consulting,Developer,Amazon,Delhi,job
397,Software Developer,Talent Acquisition,Developer,Hooli,Kolkata,job
398,Software Engineer,Tax Accounting,Income,Pied Piper,Bangalore,job
399,Software Quality Assurance Analyst,Tax Centre of Excellence,Income,Muthoot,Hyderabad,job
400,System Architect,Tax Compliance,Income,Muthoot,Ahmadabad,internship
401,Systems Software Engineer,Tax Compliance and Outsourcing,Income,Muthoot,Chennai,internship
402,Finance Manager,Tax Law,Income,Muthoot,Ahmadabad,job
403,Financial Analysis Director,Tax Management Consulting,Income,Muthoot,Vadodara,job
404,Financial Analyst I,Tax Preparation,Income,Muthoot,Nagpur,internship
405,Financial Analyst II (Senior),Tax Reporting,Income,Muthoot,Raipur,job
406,Financial Analyst III (Lead),Tax Risk Management,Income,Muthoot,Bangalore,job
407,Financial Planning Manager,Tax Technology,Income,Muthoot,Chennai,job
408,Financial Systems Manager,Trademark Registration,Product,Muthoot,Chandigarh,internship
409,Payroll Clerk I,Trading,Packers,Fly,Delhi,job
410,Payroll Clerk II (Senior),Training Development,Trainee,Amazon,Kolkata,internship
411,Payroll Coordinator,Transaction Tax,Income,Google,Bangalore,job
412,Payroll Manager,Transfer Pricing,Income,Hooli,Hyderabad,internship
413,Payroll Supervisor,Value Added Tax,Income,Pied Piper,Ahmadabad,internship
414,Risk Management Coordinator,Value Based Health care,Health,FLY,Pune,internship
415,Risk Management Director,Workday Financial,Income,Flipkart,Surat,job
416,Risk Management Specialist,Workflow Consulting,Income,Amazon,Jaipur,internship
417,Risk Management Supervisor,Branding Consultant,Developer,Hooli,Delhi,job
418,Risk Manager,Press Release Writer,Developer,Pied Piper,Mumbai,job
419,Developer,Data Modernization,Developer,FLY,Kolkata,job
420,Accountant-controller,Data Visualization,Backend Developer,AliBaba,Bangalore,internship
421,Accountant supervisor,Data Warehousing,Backend Developer,Amazon,Hyderabad,internship
422,Accounting controller,Database Administration    (1),Backend Developer,Google,Ahmadabad,job
423,Analyst-accountant,Database Development,Backend Developer,Hooli,Pune,internship
424,Assistant controller,Database Programming,Backend Developer,Pied Piper,Surat,internship
425,Auditor-CA (chartered accountant),DataLife Engine,Backend Developer,FLY,Jaipur,job
426,Auditor-chartered accountant (CA),Datatables,Frontend Developer,AliBaba,Indore,job
427,Auditor – finance,DDS,Backend Developer,Amazon,Agra,internship
428,Auditors supervisor,Debian,Backend Developer,Google,Meerut,job
429,Audit unit head – taxation,Debugging,Backend Developer,Hooli,Rajkot,job
430,Bank branch accountant,Delphi,Backend Developer,Pied Piper,Bhopal,internship
431,Bank reserves auditor,Development Operations,Backend Developer,FLY,Mumbai,job
432,Bankruptcy trustee,Digital Marketing ,Social Media |  Marketing,AliBaba,Ghaziabad,job
433,"Branch accountant, bank",Digital Signal Processing ,Development,Amazon,Noida,internship
434,Budget Accountant,Django,Backend Developer,Google,Chandigarh,job
435,CA (chartered accountant),DNS,Backend Developer,Hooli,Kanpur,internship
436,CA (chartered accountant) student,Docker,Backend Developer,Pied Piper,Lucknow,job
437,Certified general accountant (CGA),Documentation,Content ,FLY,Faisalabad,internship
438,Certified management accountant (CMA),Dojo,Backend Developer,AliBaba,Gwalior,job
439,CGA (certified general accountant),DOM,Backend Developer,Amazon,Nagpur,internship
440,Chartered accountant (CA),DOS,Backend Developer,Google,Raipur,job
441,Chartered accountant (CA) student,Free Switch,Frontend Developer,Hooli,Bangalore,job
442,Chief Accountant,Frontend Development ,Frontend Developer,Pied Piper,Chennai,job
443,Claims Accountant,Full Stack Development ,Developer,FLY,Ahmadabad,internship
444,CMA (certified management accountant),Game Consoles,Gaming Zone,AliBaba,Vadodara,job
445,Computer audit specialist,Game Design,Gaming Zone,Amazon,Chandigarh,internship
446,Cost accountant,Game Development,Development,Google,Delhi,job
447,Cost accounting supervisor,GameSalad,Developer,Hooli,Mumbai,job
448,Departmental accountant,Gamification,Frontend Developer,Pied Piper,Kolkata,job
449,Division controller – accounting,Genetic Algebra Modelling System,System,FLY,Bangalore,internship
450,Field auditor – finances,Geographical Information System (GIS) (8)    (1),System,AliBaba,Hyderabad,job
451,Financial accountant,GIMP,Development,Amazon,Ahmadabad,job
452,Financial auditor,Git Developer,Development,Google,Pune,job
453,Financial control officer,Git Hub Developer,Development,Hooli,Surat,job
454,General accountant,Git Lab Developer,Developer,Pied Piper,Jaipur,internship
455,Income  adjuster,Golan,Development,FLY,Indore,job
456,Income  advisor,Google Analytics,Analyst,AliBaba,Agra,job
457,Income  consultant,Google APIs,Development,Amazon,Meerut,job
458,Income  expert,Google App Engine,Development,Google,Rajkot,internship
459,Income  investigator,Google Cardboard,Development,Hooli,Bhopal,job
460,Income tax specialist,Google Chrome,Development,Pied Piper,Mumbai,job
461,Industrial accountant,Google Cloud Platform,Development,FLY,Ghaziabad,job
462,Industrial auditor,Google Cloud Storage,Development,AliBaba,Noida,internship
463,Intermediate accountant,Google Docs,Development,Amazon,Chandigarh,job
464,Internal auditor,Google Earth,Development,Google,Kanpur,internship
465,Internal auditor – finances,Google Fire base,Development,Hooli,Lucknow,job
466,Internal auditors supervisor – finances,Google Maps API,Development,Microsoft,Faisalabad,job
467,Internal audit project manager,Google Page Speed Insights,Development,Infosys,Gwalior,job
468,Internal audit supervisor – finances,Google Plus,Development,AliBaba,Nagpur,internship
469,Machine processing accountant,Google Sheets,Development,Amazon,Raipur,internship
470,Management accountant,Google Tag Management,Management,Flipkart,Bangalore,job
471,Management accounting chief,Google Web Toolkit,Development,Hooli,Chennai,job
472,Manufacturing accountant,Google Webmaster Tools,Development,Microsoft,Ahmadabad,internship
473,"Officer, financial control",Go Pro,Development,Microsoft,Vadodara,job
474,Plant accountant,GPGPU,Developer,AliBaba,Nagpur,job
475,Plant controller,Grail,Development,Infosys,Raipur,job
476,Production accountant,Graphics Programming,Development,Google,Bangalore,job
477,Project accountant,Grease Monkey,Development,FLY,Chennai,job
478,Property accountant,Growth Hacking,Development,Amazon,Vadodara,job
479,Public accountant,Grunt,Development,Google,Chandigarh,job
480,Public accountants chief,GTK+,Development,Lalit,Delhi,internship
481,Public accountants supervisor,Guide wire,Backend Developer,Pied Piper,Mumbai,job
482,Reinsurance analyst,Hardtop,Backend Developer,FLY,Kolkata,internship
483,"Rulings officer, taxation",Handlebars.dis ,Backend Developer,AliBaba,Bangalore,internship
484,Sales auditor – finances,Hardware Security Module,Frontend Developer,Amazon,Hyderabad,internship
485,Senior accounting analyst,Haskell,Development,Google,Ahmedabad,job
486,Senior cost accountant,H Base,Development,DPS,Pune,internship
487,Senior intern auditor,Herero,Development,Pied Piper,Surat,job
488,"Supervisor, accountants",Heron,Development,Hooli,Jaipur,job
489,"Supervisor, auditors",Hewlett Packard,Development,Pied Piper,Indore,job
490,"Supervisor, cost accounting",High charts,Development,Microsoft,Agra,internship
491,"Supervisor, internal audit – finances",Hive,Development,AliBaba,Meerut,job
492,"Supervisor, internal auditors – finances",Home Kit,Development,Amazon,Rajkot,internship
493,"Supervisor, public accountants",HP Open view,Development,AliBaba,Vadodara,job
494,Equity Analyst,HP-IX,Development,Lalit,Nagpur,job
495,Research Associate,HTC Rive,Development,Google,Raipur,job
496,Financial Reporting Specialist,HTML,Development,HCL,Bangalore,job
497,Portfolio Manager,HTML5,Backend Developer,Pied Piper,Chennai,internship
498,Private Equity Associate (Internship),HTTP,Backend Developer,FLY,Ahmedabad,job
499,Acquisitions Associate,i Beacon,Backend Developer,H Cl,Vadodara,internship
500,"Analyst, Global Equity Products",IBM Blue mix,Backend Developer,Google,Chandigarh,job
501,Senior Analyst – Investment Analytics,IBM BPM,Backend Developer,Google,Delhi,job
502,Private Equity Analyst – Paid Internship,IBM Valvoline,Backend Developer,Flipkart,Mumbai,job
503,Research Associate,IBM Tririga,Backend Developer,PiedPiper,Kolkata,job
504,Research Associate Gold & Precious Minerals,IBM Websphere Transformation Tool,Backend Developer,sbi,Bangalore,internship
505,Research Analyst,IIS,Frontend Developer,AliBaba,Hyderabad,internship
506,Research Coordinator,iMacros,Frontend Developer,Amazon,Ahmedabad,job
507,Head of Treasury Control,Infor,Frontend Developer,Google,Delhi,internship
508,Head of Treasury Risk Management,Informatica MDM,Frontend Developer,Hooli,Mumbai,job
509,Treasury Control Manager/Director,Informatica Powercenter ETL (1),Networking,PiedPiper,Kolkata,job
510,Treasury IT or IS Director,Instagram,Software,FLY,Bangalore,job
511,Systems Analyst,Instagram API,Developer,FLY,Hyderabad,job
512,Cash Management,Internet Security,Developer,Amazon,Ahmedabad,internship
513,(Global) Cash Manager,Learning Management Solution (LMS) Consulting (1),Management,Apple,Indore,job
514,Head of (Global) Cash,Learning Management Systems (LMS) (20),System,Apple,Agra,job
515,Director of (Global) Cash,LESS/Sass/SCSS,Developer,Apple,Meerut,job
516,Back-office,LIBSVM,Developer,Apple,Rajkot,job
517,Treasury Operations Manager/Director,Link Building,Developer,Apple,Mumbai,internship
518,Settlement Manager,Linked in,Designer,Apple,Ghaziabad,job
519,Payments Analyst,LINQ,Developer,Apple,Noida,job
520,Payment Manager,Linux,IT socialist,Amazon,Chandigarh,job
521,Accounts Manager,Lisp,Developer,Google,Agra,job
522,Other,Live Code,Developer,Hooli,Meerut,internship
523,Head of Financial Supply Chain,Local Area Networking,Development,PiedPiper,Rajkot,job
524,Director of International Treasury,Lotus Notes,Development,FLY,Bhopal,internship
525,MD/President of Corporate Treasury Center Inc/Ltd,Lua,Development,AliBaba,Mumbai,job
526,Treasury Manager,Lucene,Development,Amazon,Ghaziabad,internship
527,Cash Manager,Mac OS,Development,Google,Noida,internship
528,Developer,Magento,Development,Hooli,Chandigarh,internship
529,Developer,Magento,Service,Flipkart,Kanpur,job
530,Developer,Magic Leap,Service,JCB,Lucknow,job
531,Analyst,Managed Analytics,Analysis,JCB,Faisalabad,internship
532,Development,Map Reduce,Service,JCB,Gwalior,internship
533,Development,Map Kit,Developer,JCB,Nagpur,internship
534,Clerk,Maria Db,Service,JCB,Raipur,job
535,Clerk,MEAN Stack,Development,FLY,Bangalore,internship
536,Clerk,Metatrader,Service,AliBaba,Chennai,job
537,Clerk,MeteorJS,Service,Amazon,Ahmedabad,internship
538,Clerk,Microsoft Officer,Developement,Google,Vadodara,internship
539,Manager,Microsoft Access,Developement,HCL,Nagpur,job
540,CA (chartered accountant),Microsoft Azure,Developement,PiedPiper,Raipur,internship
541,CA (chartered accountant) student,Microsoft Exchange,Developement,FLY,Bangalore,job
542,Certified general accountant (CGA),Microsoft Expression,Developer,AliBaba,Chennai,job
543,Certified management accountant (CMA),Microsoft Hololens,Backend Developer,Amazon,Vadodara,job
544,CGA (certified general accountant),Microsoft Project,Backend Developer,Google,Chandigarh,internship
545,Chartered accountant (CA),Microsoft SQL Server,Developement,vistara,Delhi,job
546,Chartered accountant (CA) student,Microsoft Visio,Developement,vistara,Mumbai,job
547,Chief Accountant,Minecraft,Product,vistara,Kolkata,job
548,Claims Accountant,Minitab,Product,vistara,Bangalore,job
549,CMA (certified management accountant),MMORPG,Developement,vistara,Hyderabad,job
550,Computer audit specialist,Mobile App Testing,Testing,vistara,Ahmedabad,internship
551,Cost accountant,Mobile Development,Developement,Hooli,Pune,job
552,Cost accounting supervisor,MODx,Developement,Lalit,Surat,job
553,Departmental accountant,MonetDB,Developement,Lalit,Jaipur,job
554,Division controller – accounting,MongoDB,Developement,Lalit,Indore,internship
555,Field auditor – finances,Moodle,Developement,Google,Agra,job
556,Financial accountant,Moz,Developement,FLY,Meerut,job
557,Financial auditor,MQL4,Developement,maruti,Rajkot,internship
558,Financial control officer,R Programming Language,Developement,oracal,Vadodara,job
559,General accountant,Racket,Developement,Google,Nagpur,job
560,Income tax adjuster,RapidWeaver,Developement,Hooli,Raipur,job
561,Income tax advisor,Raspberry Pi,Product,AliBaba,Bangalore,internship
562,Income tax consultant,SEO Analyst,Analysis,Amazon,Chennai,internship
563,Income tax expert,Cloud Engineer,Developement,Google,Ahmedabad,job
564,Income tax investigator,Online Instructors,Developement,Hooli,Vadodara,job
565,Income tax specialist,Customer support,Developement,PiedPiper,Chandigarh,internship
566,Industrial accountant,Customer support,Management,FLY,Delhi,job
567,Industrial auditor,Data Entry Operator,Developement,AliBaba,Mumbai,job
568,Intermediate accountant,Python Developer,Developement,Amazon,Kolkata,job
569,Internal auditor,Web Developer,Developement,Google,Bangalore,job
570,Internal auditor – finances,Massage Therapist,Therapy,Amazon,Hyderabad,job
571,Internal auditors supervisor – finances,Academic counsellor,Developement,PiedPiper,Ahmedabad,internship
572,Internal audit project manager,Teaching Faculty,Developement,Infosys,Delhi,job
573,Internal audit supervisor – finances,Data Entry Operator,Developement,Microsoft,Mumbai,internship
574,Machine processing accountant,Communication and Media Interns,Developement,Police Station,Kolkata,job
575,Management accountant,Data Entry Operator,Developement,Sheetal,Bangalore,internship
576,Management accounting chief,Architect Jobs,Developement,Ali baba,Hyderabad,internship
577,Manufacturing accountant,BPO Jobs,Developement,Hooli,Ahmedabad,internship
578,"Officer, financial control",Telecaller Jobs,Developement,Go ibio,Indore,job
579,Writer,Content Writer Jobs,Content,Capegemini,Agra,internship
580,Developer,Data Entry / Back Office,Developement,Khaitan,Meerut,job
581,Doctors,Doctor / Physician,Medicine,Ambuja,Rajkot,job
582,Development,"Engineer (Core, Non-IT)",Developement,Sujata,Mumbai,job
583,Manager,HR / Admin Jobs,Administration,Filpkaart,Ghaziabad,internship
584,Medicine,Medical Representative,Medicine,Hooli,Noida,job
585,Social,SEO / Social Media,Social Media |  Marketing,HCL,Chandigarh,internship
586,Development,IT Software-Engineer,Backend Developer,Wipro,Gwalior,job
587,Development,IT Hardware Engineer,backend Developer,Infosys,Nagpur,job
588,IT head,IT - Mobile Developer,Developer,Microsoft,Raipur,internship
589,IT head,Delivery Executive,Backend Developer,Police Station,Bangalore,job
590,Manager,Management Trainee,Backend Developer,Sheetal,Chennai,job
591,Designing,Fashion designer Jobs,Fashion,Ali baba,Ahmedabad,job
592,Designing,Design / Animation Jobs,Designer,Hooli,Vadodara,job
593,Senior Councillor,Counsellor Jobs,Counselling,Go ibio,Chandigarh,internship
594,Education,Media / Journalism / Events,Media,Capegemini,Delhi,job
595,Production accountant,Chef / Cook Jobs,Cook,Khaitan,Delhi,internship
596,Project accountant,Sales / Marketing Executive,Sales,Vistara,Mumbai,job
597,Property accountant,IT/Software Jobs,Developer,Vistara,Kolkata,job
598,Public accountant,Core Technical Jobs,Developer,Filpkaart,Bangalore,job
599,Public accountants chief,Govt Jobs,Developer,Hooli,Hyderabad,job
600,Public accountants supervisor,MBA Jobs,Developer,Vistara,Ahmedabad,internship
601,Reinsurance analyst,Internship Jobs,Developement,Vistara,Chennai,internship
602,"Rulings officer, taxation",Diploma Jobs,Developer,Vistara,Ahmedabad,job
603,Sales auditor – finances,Research Jobs,Developer,Vistara,Vadodara,internship
604,Senior accounting analyst,Defence Jobs,Soldier,Vistara,Nagpur,job
605,Senior cost accountant,BPO Jobs,Developement,Vistara,Raipur,job
606,Senior intern auditor,Part Time Jobs,Developement,Vistara,Bangalore,job
607,"Supervisor, accountants",Bank Jobs,Manager,Hooli,Chennai,internship
608,"Supervisor, auditors",Walking Jobs,Developer,PiedPiper,Ahmedabad,job
609,"Supervisor, cost accounting",Teaching Jobs,Educational,FLY,Vadodara,internship
610,"Supervisor, internal audit – finances",Dharma Jobs,Medicine,Amazon,Delhi,internship
611,"Supervisor, internal auditors – finances",Start Up Jobs,Development,Google,Mumbai,internship
612,Developer,BSc/BCA/BBM Jobs,Development,Hooli,Kolkata,internship
613,Accounting Specialist,Scholarships Jobs,Development,PiedPiper,Bangalore,job
614,Accounting Supervisor,Dream Jobs/5 lpa Jobs,Development,FLY,Hyderabad,internship
615,Accounts Payable/Receivable Clerk,1 to 3 Yr Exp Jobs,Development,AliBaba,Ahmedabad,job
616,Accounts Payable/Receivable Coordinator,Tech Support Jobs,Developer,Amazon,Pune,internship
617,Accounts Payable/Receivable Manager,Health Care Jobs,Health,Hooli,Jaipur,internship
618,Accounts Payable/Receivable Supervisor,Hospitality Jobs,Health,PiedPiper,Indore,job
619,Auditing Director,Retail Jobs,Health,FLY,Agra,internship
620,Auditing Manager,Journalism Jobs,Media,AliBaba,Meerut,job
621,Auditor I,Quality Control Jobs,Developer,Hooli,Bangalore,job
622,Auditor II (Senior),Sports Jobs,Sports,PiedPiper,Chennai,internship
623,Auditor III (Lead),Finance Jobs,Finance,AliBaba,Vadodara,job
624,Billing Analyst I,Manpower Consultants Jobs,Development,Amazon,Nagpur,job
625,Billing Analyst II (Senior),Hire and Train Jobs,Transportation,Google,Raipur,internship
626,Bookkeeper I,Others Jobs,Development,PiedPiper,Chennai,job
627,Bookkeeper II (Senior),Relationship Science India Pri...,Developer,FLY,Ahmedabad,job
628,Bookkeeping Supervisor,Telligent Support LLP Recruitm...,Medicianal,AliBaba,Vadodara,job
629,Budget Analyst,HDFC Life Executives,Development,Amazon,Chandigarh,job
630,Budget Director,Extramarks Education India Pvt...,Development,Google,Delhi,internship
631,Budget Manager,HDFC Life Insurance,Income,Hooli,Mumbai,job
632,Collections Manager,ByteDance,Developer,PiedPiper,Kolkata,internship
633,Collections Supervisor,Bytedance,Development,FLY,Bangalore,job
634,Collector I,Awign Hiring for VOGO,Developer,AliBaba,Hyderabad,job
635,Collector II (Senior),Clone Futura Engineers,Developer,Amazon,Mumbai,job
636,Controller,RANDSTAD INDIA PVT LTD,Developer,Google,Kolkata,internship
637,Controller – Assistant,Bhatia Consultancy Services,Service,Hooli,Bangalore,job
638,Credit Analyst I,ACZ Global officers,Service,PiedPiper,Hyderabad,job
639,Credit Analyst II (Senior),Govt. of Chhattisgarh officers,Service,FLY,Ahmedabad,job
640,Credit Analyst Supervisor,Infotech Explorer India P Limi...,Developer,AliBaba,Chennai,job
641,Researcher,Aerospace engineer,Developer,Amazon,Ahmedabad,internship
642,Research Assistant,Kerala Agricultural University...,Argo,Google,Vadodara,job
643,Data Analyst,Chaitanya Pharmaceuticals Pvt....,Pharma,Hooli,Nagpur,internship
644,Business Analyst,Algo Infotech,Data,Microsoft,Raipur,job
645,Application Support Analyst,Physical Research Laboratory R...,Data,Infosys,Bangalore,job
646,Biostatistician,Sikkim University Recruitment,Educational,AliBaba,Chennai,job
647,Title Researcher,Premium Jobs,Development,Amazon,Ahmedabad,job
648,Market Researcher,Nimesa Technology,Development,Flipkart,Vadodara,internship
649,Title Analyst,DXC Technology,Development,Hooli,Chandigarh,internship
650,Medical Researcher,Dell Technologies,Development,AliBaba,Kolkata,job
651,Designing,Xoken Labs,Development,Infosys,Bangalore,job
652,Development,Aptean Recruitment,Development,FLY,Ahmedabad,internship
653,Executives,CGI,Service,Google,Jaipur,job
654,Executives,Pelatro,Service,Lalit,Indore,internship
655,Development,XAdapter,Service,PiedPiper,Vadodara,job
656,Designing,CAMSDATA Technologies India Pv..,Development,FLY,Chandigarh,job
657,Designing,Civil Engineering Jobs,Backed Developer,Amazon,Mumbai,job
658,Development,Mechanical Engineering Jobs,Medicine,Google,Kolkata,job
659,Accountant-controller,Chemical Engineering Jobs,Chemicals,PiedPiper,Hyderabad,job
660,Accountant supervisor,ISRO Recruitment For Engineers,Development,Hooli,Ahmedabad,internship
661,Accounting controller,DRDO Recruitment for Engineers,Development,PiedPiper,Pune,job
662,Analyst-accountant,RRB Recruitment for Engineer,Development,AliBaba,Jaipur,job
663,Assistant controller,BEL Recruitment for Engineers,Data,Amazon,Indore,internship
664,Auditor-CA (chartered accountant),Aeronautical Engineering Jobs,Development,Google,Agra,job
665,Auditor-chartered accountant (CA),Computer Science Engineering Jobs,Developer,sbi,Meerut,job
666,Auditor – finance,ECE Jobs,Developer,PiedPiper,Rajkot,job
667,Auditors supervisor,Captcha Typing Jobs,Typing,FLY,Raipur,internship
668,Audit unit head – taxation,Internet Research Jobs,Developer,AliBaba,Bangalore,job
669,Bank branch accountant,Restful  API,Developer,Lalit,Chennai,internship
670,Bank reserves auditor,Revit ,Backend Developer,Google,Ahmedabad,job
671,Bankruptcy trustee,Revit Architecture,Backend Developer,HCL,Vadodara,job
672,Branch accountant,Roadnet,Backend Developer,PiedPiper,Nagpur,job
673,Budget Accountant,Roblox,Designer,FLY,Raipur,job
674,Industrial accountant,Rocket Engine,Developer,CT hospital,Bangalore,job
675,Industrial auditor,RSS,Developer,CT hospital,Chennai,internship
676,Intermediate accountant,Ruby,Developer,CT hospital,Vadodara,job
677,Internal auditor,Ruby on Rails,Developer,PiedPiper,Chandigarh,internship
678,Internal auditor – finances,Rust,Developer,sbi,Delhi,job
679,Internal auditors supervisor – finances,RxJS,Developer,AliBaba,Mumbai,internship
680,Internal audit project manager,Sails.js,Developer,Amazon,Kolkata,internship
681,Internal audit supervisor – finances,Salesforce App Development (15)    (1),Developement,Google,Banagalore,internship
682,Machine processing accountant,Salesforce Commerce Cloud (1)    (1),Developement,PiedPiper,Mumbai,internship
683,Management accountant,Salesforce Marketing Cloud (4),Developer,FLY,Banagalore,job
684,Management accounting chief,Samsung Accessory SDK (0),Backend Developer,Amazon,Hyderabad,job
685,Manufacturing accountant,SAP,Developer,UNI salon,Ahmedabad,internship
686,"Officer, financial control",SAP 4 Hana,Developer,Hooli,Chennai,job
687,Customer Support Administrator,SAP BODS,Designer,Pied Piper,Rajkot,internship
688,Customer Support Specialist,SAP Business Planning and Consolidation (5)    (1),Development,AP agro,Noida,job
689,Desktop Support Manager,SAP CPI,Development,AP agro,Chandigarh,internship
690,Desktop Support Specialist,SAP HANA,Development,AP agro,Kanpur,job
691,Help Desk Specialist,SAP Hybris,Development,FLY,Lucknow,job
692,Help Desk Technician,SAP Pay,Development,Ali Baba,Faisalabad,job
693,IT Support Manager,SAP PI,Development,Amazon,Gwalior,internship
694,IT Support Specialist,SAP Transformation,Development,Google,Nagpur,job
695,IT Systems Administrator,Sass,Development,Hooli,Raipur,internship
696,Senior Support Specialist,Scala,Developement,Pied Piper,Bangalore,job
697,Senior System Administrator,Scheme,Developer,Ali Baba,Ahmadabad,job
698,Support Specialist,Sci kit Learn,Developer,Amazon,Vadodara,job
699,Systems Administrator,SciPy,Designer,Hooli,Delhi,internship
700,Technical Specialist,SCORM,Developement,ISRO,Kolkata,job
701,Technical Support Engineer,Scrapy,Developement,ISRO,Banagalore,internship
702,Technical Support Specialist,Script Install,Backend Developer,ISRO,Ahmadabad,job
703,Developer,Scripting,Backend Developer,ISRO,Pune,job
704,Developer,Scrum,Developer,FLY,Jaipur,job
705,Developer,Scrum Development,Backend Developer,AliBaba,Indore,internship
706,Programmer Analyst,SD-WAN,Backend Developer,HCL,Rajkot,job
707,Senior Applications Engineer,SDW N17 Service Qualification,Developement,Pied Piper,Bhopal,job
708,Senior Programmer,Segment,Backend Developer,Amazon,Noida,internship
709,Senior Programmer Analyst,Selenium,Developer,Google,Chandigarh,job
710,Senior Software Engineer,Selenium Web driver,Manager,sbi,Lucknow,internship
711,Senior System Architect,Sencha / YahooUI,Development,sbi,Faisalabad,internship
712,Senior System Designer,SEO,Development,sbi,Gwalior,job
713,Senior Systems Software Engineer,SEO Auditing,Development,sbi,Raipur,job
714,Software Architect,Server,Development,Hooli,Bangalore,internship
715,Software Developer,Server to Server Facebook API Integration (2),Development,Lalit,Chennai,internship
716,Software Engineer,ServiceNow,Development,Lalit,Ahmadabad,internship
717,Software Quality Assurance Analyst,SFDC,Development,Lalit,Vadodara,job
718,System Architect,Share point,Development,Google,Nagpur,internship
719,Systems Software Engineer,Shell Script,Development,FLY,Raipur,job
720,Engineer,Shopify,Development,makuti,Bangalore,internship
721,Mechanical Engineer,Shopify Development,Development,oracal,Chennai,internship
722,Civil Engineer,Shopping Cart,Development,Hooli,Vadodara,internship
723,Electrical Engineer,Siebel,Development,AliBaba,Chandigarh,job
724,Assistant Engineer,Silverlight,Development,Amazon,Delhi,job
725,Chemical Engineer,Sketching,Expertise,Google,Mumbai,job
726,Chief Engineer,Slack,Expertise,Hooli,Kolkata,internship
727,Drafter,Smarty PHP,Expertise,PiedPiper,Banagalore,job
728,Engineering Technician,Snapchat,Developement,FLY,Hyderabad,job
729,Geological Engineer,Social Engine,Expertise,AliBaba,Ahmadabad,job
730,Biological Engineer,Social Media Management,Manager,Amazon,Pune,job
731,Maintenance Engineer,Social Networking,Developement,Google,Surat,job
732,Mining Engineer,Socket IO,Developement,Amazon,Jaipur,internship
733,Nuclear Engineer,Software Architecture,Developement,Wipro,Agra,job
734,Petroleum Engineer,Software Development,Developement,Infosys,Meerut,job
735,Plant Engineer,Software Testing,Testing,Microsoft,Rajkot,internship
736,Production Engineer,Solaris,System,Police Station,Raipur,job
737,Quality Engineer,Soldering,Development,Sheetal,Bangalore,job
738,Safety Engineer,Solutions Architecture,Development,Ali baba,Chennai,internship
739,Sales Engineer,Spark,Development,Hooli,Ahmadabad,job
740,DevOps Engineer,Sphinx,Development,Go ibio,Vadodara,job
741,Computer Programmer,Splunk,Development,Capegemini,Nagpur,job
742,Network Administrator,SPSS Statistics,Development,Khaitan,Raipur,internship
743,Information Security Analyst,SQL,Development,Ambuja,Bangalore,internship
744,Artificial Intelligence Engineer,SQLite,Development,Sujata,Chennai,job
745,Cloud Architect,Squarespace,Development,Filpkaart,Ahmadabad,job
746,IT Manager,Squid Cache,Development,HCL,Chandigarh,job
747,Technical Specialist,SSIS (SQL Server Integration Services),Development,PiedPiper,Delhi,job
748,Application Developer,Product Management,Management,Microsoft,Banagalore,job
749,Chief Technology Officer (CTO),Xamarin Form Developer,Development,Police Station,Hyderabad,internship
750,Chief Information Officer (CIO),Immediate Hiring For Illustrator,Development,Sheetal,Ahmadabad,job
751,Clerk,Looking For Freelance AI Book Author,Development,Ali baba,Delhi,job
752,Computer Scientist,Freelance Sales Business Development,Development,Hooli,Mumbai,internship
753,IT Professional,Technical Content Writer,Content,Go ibio,Kolkata,job
754,UX Designer & UI Developer,Bicycle Courier,Development,Pemmican,Bangalore,internship
755,SQL Developer,Car Courier,Development,Khaitan,Hyderabad,internship
756,Car driver,Car Driving,Driver,Sujata,Pune,job
757,Cargo general,Cargo Freight,Service,Filpkaart,Surat,internship
758,Help Desk Worker/Desktop Support,Container Transport,Service,Hooli,Jaipur,job
759,Software Engineer,Container Truck,Service,HCL,Indore,job
760,Data Entry,Courier,Service,Pied Piper,Agra,job
761,Delivery,Delivery,Service,Ali Baba,Rajkot,internship
762,Development,Dropshipping,Service,Amazon,Bhopal,internship
763,Developer,Dry Van Trucking,Service,Google,Mumbai,internship
764,Developer,Flatbed Trucking,Service,Hooli,Ghaziabad,job
765,Developer,Flower Delivery,Service,Flipkart,Noida,internship
766,Developer,Food Takeaway,Service,JCB,Chandigarh,job
767,Cargo,Freight,Service,JCB,Kanpur,job
768,Cab Driver,Frozen Trucking,Service,JCB,Lucknow,job
769,Chauffeur,Furniture Removalist,Service,JCB,Nagpur,internship
770,Courier,Haulier,Service,Ali Baba,Bangalore,job
771,Dispatcher,Heavy Haulage (,Service,Amazon,Chennai,job
772,Driver,Heavy Haulage Trucking,Service,Google,Ahmadabad,internship
773,Driver / Sales Representative,Hiab Crane Trucking,Manager,HCL,Vadodara,job
774,Driver / Sales Workers,Import/Export,service,Pied Piper,Chandigarh,job
775,Fleet Coordinator,Line Haulage,Service,FLY,Delhi,job
776,Fleet Manager,Logistics,Service,Muthoot,Surat,job
777,Shuttle Car Operator,Motorcycle Courier,Service,Muthoot,Jaipur,internship
778,Taxi Driver,Moving,Manager,Hooli,Indore,internship
779,Packers,Packing & Shipping,Manager,Lalit,Rajkot,job
780,Delivery,Parcel Delivery,Service,FLY,Mumbai,job
781,Expeditor,Pickup,Service,makuti,Ghaziabad,job
782,Fork Lift Operator,Reefer Trucking,Service,Google,Chandigarh,job
783,Logistician,Removal Services,Service,Hooli,Kanpur,internship
784,Materials Control Manager,Shipping,Manager,Ali Baba,Lucknow,internship
785,Materials Handler,Truck Courier,Manager,Amazon,Faisalabad,job
786,Materials Handling Supervisor,Trucking,Manager,Pied Piper,Raipur,job
787,Materials Planner,Van Courier,Manager,FLY,Bangalore,job
788,Package Handler,Sales Account Management (3),Manager,Ali Baba,Chennai,internship
789,Packaging Engineer,Sales Management,Sales,Amazon,Ahmadabad,job
790,Production Scheduler,Sales Promotion,salesman,Police Station,Bangalore,job
791,Refuse and Recyclable Material Collectors,Search Engine Marketing,Marketing,Sheetal,Chennai,internship
792,Developer,Security Sales,salesman,Ali baba,Ahmadabad,internship
793,Web Developer,Somoza,Development,Hooli,Vadodara,internship
794,Developer,Social Media Marketing,Developer,Filpkaart,Banagalore,internship
795,Social,Social Sales,Sales,Hooli,Hyderabad,job
796,Development,Social Video Marketing,Clerks,PiedPiper,Pune,job
797,Executives,Software Sales,Manager,Wipro,Surat,internship
798,Medicine,Technology Sales,Manager,Infosys,Jaipur,internship
799,Social,Telecom Sales,Manager,Microsoft,Indore,job
800,Development,Telemarketing,Marketing,Sheetal,Meerut,job
801,Development,Twitter Marketing,Social Media |  Marketing,Ali baba,Chennai,job
802,Manager,Viral Marketing,Marketing,Hooli,Ahmedabad,job
803,Manager,Visual Merchandising,Marketing,Go ibio,Vadodara,internship
804,Manager,WooCommerce,Marketing,Capegemini,Chandigarh,job
