jobId,title,post,tag,company,place,job/internship
1,Marketing manager,Marketing Technologist,Social Media|Marketing,Hooli,Delhi,Ahmadabad
2,Marketing manager,SEO Consultant,Social Media|Marketing,Pied Piper,Mumbai,Vadodara
3,Web developer,Web Analytic Developer,Social Media|Marketing,FLY,Kolkata,Chandigarh
4,Marketing manager,Digital Marketing Manager,Social Media|Marketing,Ali Baba,Bangalore,Delhi
5,social manager,Social Media Manager,Social Media|Marketing,Amazon,Hyderabad,Mumbai
6,Marketing manager,Growth Hacker,Social Media|Marketing,Google,Ahmadabad,Kolkata
7,Content manager,Content Manager,Content,Hooli,Pune,Bangalore
8,content manager,Content Strategist,Content,Pied Piper,Surat,Hyderabad
9,It head,Information Architect,Information,FLY,Jaipur,Mumbai
10,Designing,UX Designer,UserExpierence,Ali Baba,Indore,Kolkata
11,Designing,UI Designer,UserExpierence,Amazon,Agra,Bangalore
12,Speciality,Accessibility Specialist,UserExpierence,Google,Mere,Hyderabad
13,Designing,Interaction Designer,UserExpierence,Hooli,Rajkot,Ahmadabad
14,Designing,Front-End Designer,FrontendDevelpment,Pied Piper,Bhopal,Chennai
15,Development,Front-End Developer,FrontendDevelpment,FLY,Mumbai,Ahmadabad
16,Development,Mobile Developer,BackendDevelpment,Ali Baba,Ghaziabad,Vadodara
17,Development,Full-Stack Developer,BackendDevelpment,Amazon,Noida,Nagpur
18,Development,Software Developer,BackendDevelpment,Google,Chandigarh,Raipur
19,Development,WordPress Developer,BackendDevelpment,Hooli,Kanpur,Bangalore
20,Development,FrameWork Specialist,BackendDevelpment,Pied Piper,Lucknow,Chennai
21,Development,Ruby On Rails Development,BackendDevelpment,FLY,Faisalabad,Ahmadabad
22,Development,Python Developer,BackendDevelpment,Ali Baba,Gwalior,Vadodara
23,Development,Java Developer,BackendDevelpment,Amazon,Nagpur,Chandigarh
24,Development,C++ Developer,BackendDevelpment,Google,Raipur,Delhi
25,Development,Kotlin Developer,BackendDevelpment,Hooli,Bangalore,Mumbai
26,Analysis,Business System Analyst,System,Pied Piper,Chennai,Kolkata
27,Engineer,System Engineer,System,FLY,Ahmadabad,Banagalore
28,Administration,System Administrator,System,Ali Baba,Vadodara,Hyderabad
29,Administration,Data Base Administrator,Data,Amazon,Chandigarh,internship
30,Architecture,Data Architect,Data,Google,Delhi,job
31,Architecture,Data Modeler,Data,Hooli,Mumbai,job
32,Analysis,Data Analyst,Data,Pied Piper,Kolkata,job
34,VP of Scientist,Data Scientist,Data,FLY,Banagalore,internship
35,Engineer,Data Engineer,Data,Ali Baba,Hyderabad,job
36,Architecture,Cloud Architect,Data,Amazon,Ahmadabad,job
37,tech lead,Technical Lead,Management,Google,Pune,job
38,Manager,Develops Manager,Management,Hooli,Surat,job
39,Manager,Project Manager,Management,Pied Piper,Jaipur,internship
40,Manager,Agile Project Manager,Management,FLY,Indore,job
41,Manager,Product Manager,Management,Ali Baba,Agra,job
42,Account manager,Technical Account Manager,Management,Amazon,Meerut,job
43,Speciality,Security Specialist,Specialist,Google,Rajkot,internship
44,Speciality,QA(QualityAssurance)Specialist,Specialist,Hooli,Bhopal,job
45,Development,Game Developer,Specialist,Pied Piper,Mumbai,job
46,Animator,Computer Graphic Animator,Specialist,FLY,Ghaziabad,job
47,Development,Mobile App Developer,Specialist,Ali Baba,Noida,internship
48,Engineer,Machine Learning Engineer,Specialist,Amazon,Chandigarh,job
49,Engineer,Big Data Engineer,Specialist,Google,Kanpur,internship
50,Manager,Event/Meeting Planner,Management,Hooli,Lucknow,job
52,Manager,Purchasing Manager,Management,Microsoft,Faisalabad,job
53,Accounts,Receptionist,Management,Infosys,Gwalior,job
54,Manager,Secretary,Management,Ali Baba,Nagpur,internship
55,Analysis,Market Research Analyst,Marketing,Amazon,Raipur,internship
57,Advertisement,Advertising Sales Agent,Marketing,Flipkart,Bangalore,job
58,Editorial,Editor,Advertising,Hooli,Chennai,job
59,Designing,Graphic Designer,UserExpierence,Microsoft,Ahmadabad,internship
60,Interpretation,Interpreter and Translator,UserExpierence,Microsoft,Vadodara,job
61,Speciality,Public Relations Specialist,Specialist,Ali Baba,Nagpur,job
62,Manager,Social Media Manager,Social Media|Marketing,Infosys,Raipur,job
63,Editorial,Writer and Editor,Content,Google,Bangalore,job
64,Designing,Fashion Designer,Designing,FLY,Chennai,job
65,Designing,Interior Designer,Designing,FLY,Ahmadabad,internship
66,Photography,Photographer,Marketing,Amazon,Vadodara,job
68,Medical,Chemist,Medication,Google,Chandigarh,job
69,Manager,Curator,Management,Dalit,Delhi,internship
70,Counselor,Guidance Counselor,Specialist,Pied Piper,Mumbai,job
71,Speciality,Hydrologist,Specialist,FLY,Kolkata,internship
72,Assistant librarian,Librarian,Management,Ali Baba,Banagalore,internship
73,Education,Special Education Teacher,UserExpierence,Amazon,Hyderabad,internship
74,Managing,School Principal,UserExpierence,Google,Ahmadabad,job
76,Education,Teacher,UserExpierence,DPS,Pune,internship
77,Assistance,Teacher Assistant,Data,Pied Piper,Surat,job
78,Accounts,Accountant,Data,Hooli,Jaipur,job
79,Accounts,Actuary,Data,Pied Piper,Indore,job
80,Banking,Bank Teller,Data,Microsoft,Agra,internship
81,Managing,Bookkeeping,Data,Ali Baba,Meerut,job
82,Analysis,Budget Analyst,Data,Amazon,Rajkot,internship
83,Information technology,Claims Adjuster,Data,Google,Raipur,job
84,Advisory,Financial Advisor,Marketing,sib,Bangalore,job
85,Editorial,Insurance Underwriter,Sales,Pied Piper,Chennai,job
86,Officer,Loan Officer,Sales,FLY,Ahmadabad,internship
87,Bart ending,Bartender,UserExpierence,Ali Baba,Vadodara,job
88,cooking,Chef,Specialist,Dalit,Nagpur,job
89,Serving,Waiter/Waitress,UserExpierence,Google,Raipur,job
92,Engineer,Biomedical Engineer,Specialist,HCL,Bangalore,job
93,Speciality,Cardiovascular Technologist,Specialist,Pied Piper,Chennai,internship
94,Speciality,Dental Hygienist,Specialist,FLY,Ahmadabad,job
95,Speciality,Dentist,Specialist,CT hospital,Vadodara,internship
96,Speciality,Diagnostic Medical Sonographer,Specialist,CT hospital,Chandigarh,job
97,Speciality,Dietitian/Nutritionist,Specialist,CT hospital,Delhi,job
98,Speciality,Doctor,Specialist,CT hospital,Mumbai,job
99,Speciality,EMTs and Paramedics,Specialist,Pied Piper,Kolkata,job
100,cash,Cashier,UserExpierence,sbi,Banagalore,internship
101,Customer care,Customer Service Representative,UserExpierence,Ali Baba,Hyderabad,internship
102,Retailing,Retail Salesperson,Sales,Amazon,Ahmadabad,job
103,Supervisor,Retail Supervisor,Sales,Google,Delhi,internship
104,Animal care,Animal Groomer,UserExpierence,Hooli,Mumbai,job
105,Mechanic,Auto Mechanic,Specialist,Pied Piper,Kolkata,job
107,Speciality,Cosmetologist,Specialist,FLY,Banagalore,job
108,Trainer,Fitness Trainer,Specialist,FLY,Hyderabad,job
110,Direction,Funeral Director,Specialist,Amazon,Ahmadabad,internship
111,Specialist,Hairdressers,Specialist,UNI salon,Pune,job
112,Therapist,Marriage and Family Therapist,Specialist,Hooli,Surat,internship
113,Manager,Agents and Business Managers of Artists,UserExpierence,Pied Piper,Jaipur,internship
114,Agriculture,Agricultural Engineers,Argo,AP agro,Indore,job
116,Agriculture,Agricultural Inspectors,Agro,AP agro,Agra,job
117,Manager,Agricultural Managers,Agro|Management,AP agro,Meerut,job
118,Scientists,Agricultural Scientists,Science,AP agro,Rajkot,job
119,technicians,Agricultural Technicians,Agro,AP agro,Bhopal,job
121,workers,Agricultural Workers,Agro,AP agro,Mumbai,internship
122,Speciality,Air Conditioning  Mechanics,Specialist,FLY,Ghaziabad,job
123,Specialist,Air Traffic Controllers,Specialist,Ali Baba,Noida,job
124,Specialist,Aircraft Cargo Supervisors,Specialist,Amazon,Chandigarh,job
125,Designing,Commercial Designers,UserExpierence,Google,Kanpur,job
126,Book Keeper,Bookkeeping,Data,Hooli,Lucknow,internship
129,Clerks,Counter and Rental Clerks,Audit,Pied Piper,Faisalabad,job
130,Clerks,Financial Clerks,Audit,FLY,Gwalior,internship
131,Clerks,General Office Clerks,Audit,Ali Baba,Nagpur,job
132,IT  clerks,Information Clerks,Audit,Amazon,Raipur,internship
135,Clerks,Mail Clerks,Marketing,Google,Bangalore,internship
137,Clerks,Material Recording Clerks,Sales,Hooli,Chennai,internship
140,Technicians,Conservation Technicians,Specialist,Flipkart,Ahmadabad,job
141,Workers,Construction and Related Workers,UserExpierence,JCB,Vadodara,internship
144,Operators,Construction Equipment Operators,UserExpierence,JCB,Chandigarh,job
145,Inspector,Construction Inspectors,UserExpierence,JCB,Delhi,internship
146,Laborers,Construction Laborers,UserExpierence,JCB,Delhi,internship
147,Manager,Construction Managers,Management,JCB,Mumbai,internship
148,Scientists,Conservation Scientists,Specialist,JCB,Kolkata,job
149,Librarian,Academic librarian,Management,FLY,Banagalore,internship
150,Accounts,Accountant,Sales,Ali Baba,Hyderabad,job
151,Technicians,Accounting technician,Sales,Amazon,Ahmadabad,internship
152,Tech lead,Actuary,Sales,Google,Pune,internship
153,Head nurse,Adult nurse,Nursing,HCL,Surat,job
154,Manager,Construction Managers,Management,Pied Piper,Jaipur,internship
155,Meyers,Data Entry Keyers,Data,FLY,Indore,job
156,Administration,Database Administrators,Data,Ali Baba,Agra,job
157,Driving,Delivery Truck Drivers,Sales,Amazon,Meerut,job
158,Demonstration,Demonstrators,Management,Google,Rajkot,internship
159,Analysis,Financial Analysts,Finance,sbi,Bhopal,job
160,Clerks,Financial Clerks,Finance,sbi,Mumbai,job
161,Clerks,Financial Clerks,Finance,sbi,Ghaziabad,job
162,Examiners,Financial Examiners,Finance,sbi,Noida,job
163,Manager,Financial Managers,Finance,sbi,Chandigarh,job
164,Service,Financial Services,Finance,sbi,Kanpur,internship
165,Specialist,Financial Specialists,Finance,Hooli,Lucknow,job
166,Workers,Food and Beverage Serving  Workers,UserExpierence,Lalit,Faisalabad,job
167,Workers,Food Preparation Workers,UserExpierence,Lalit,Gwalior,job
168,Workers,Food Processing Workers,UserExpierence,Lalit,Nagpur,internship
169,Account manager,Accounting,Data,Google,Raipur,job
170,Clerks,Auditing Clerks,Data,FLY,Bangalore,job
171,Driving,Driver,Skill Set,maruti,Chennai,internship
172,Administration,Administrative Assistant,USerExpierence,oracal,Ahmadabad,job
173,Accounts,Appraiser,UserExpierence,Google,Vadodara,job
174,Audit,Examiner,UserExpierence,Hooli,Chandigarh,job
175,Audit,Investigator,Investigation,Ali Baba,Delhi,internship
176,Workers,Sales Workers,Sales,Amazon,Gwalior,internship
177,IT  clerks,IT consultancy,Expertise,Google,Nagpur,job
178,Security,cyber cell security,Security,Hooli,Raipur,job
179,Managing director,Information systems manager,Management,Pied Piper,Bangalore,internship
180,Analysis,Managing Analyst,Management,FLY,Chennai,job
181,Analysis,Systems analyst.,System,Ali Baba,Ahmadabad,job
183,Development,Games developer.,Gamer,Amazon,Vadodara,job
184,Editorial,Technical writer.,Writing,Google,Chandigarh,job
185,Agents,Sales Agents,Product,Amazon,Delhi,job
186,Promos,Product Promoters,Product,Pied Piper,Delhi,internship
187,Athletics,Athletes,Sports,Cipro,Mumbai,job
188,Engineer,Civil Engineering Technicians,Tech,Infosys,Kolkata,job
189,Engineer,Civil Engineers,Civil,Microsoft,Banagalore,internship
190,Inspector,Police Inspectors,Inspectors,Police Station,Hyderabad,job
191,Workers,Carpet Installers,UserExpierence,Sheetal,Ahmadabad,internship
193,Workers,Dredge Operators,UserExpierence,Ali baba,Pune,internship
194,Workers,Drywall Installers,UserExpierence,Hooli,Surat,internship
195,Workers,Tile Installers,UserExpierence,Go ibio,Jaipur,job
196,Mechanics,fence Erectors,UserExpierence,Capegemini,Indore,internship
198,Supervisors,First Line Supervisors,UserExpierence,Khaitan,Agra,job
199,Techicians,Geothermal Technicians,UserExpierence,Ambuja,Meerut,job
200,House cleaners,Floor sanders,UserExpierence,Sujata,Chennai,job
201,Workers,Hignway Maintenance Workers,UserExpierence,Filpkaart,Ahmedabad,internship
202,Operators,Hoist and winch Operators,UserExpierence,Hooli,Vadodara,job
203,Repairers,Home appliance Repairers,UserExpierence,HCL,Chandigarh,internship
204,Workers,Insulation workers,UserExpierence,Pied Piper,Delhi,job
205,Architecture,Landscape Architects,Architecture,Wipro,Gwalior,job
206,Workers,Landscaping Workers,UserExpierence,Infosys,Nagpur,job
207,Repairers,Mechanical Door Repairers,Repairment,Microsoft,Raipur,internship
208,Drafting,Mechanical Drafters,Repairment,Police Station,Bangalore,job
209,Plumbing,Plumbers,Repairment,Sheetal,Chennai,job
211,Plumbing,Pipe fitters,Repairment,Ali baba,Ahmedabad,job
213,Cleaners,Septic Tank Services,Repairment,Hooli,Vadodara,job
214,Workers,Sheet metal Workers,Repairment,Go ibio,Chandigarh,internship
215,Engineers,Stationary Engineers,Skill Set,Capegemini,Delhi,job
216,Workers,Fabricators,Skill Set,Khaitan,Delhi,internship
217,Advertisers,Advertising managers,Social Media|Marketing,Ambuja,Mumbai,job
218,Managing,Promotions Managers,Social Media|Marketing,Sujata,Kolkata,job
219,Audit,Auditors,Data,Filpkaart,Banagalore,job
220,Direction,Art Directors,Art,Hooli,Hyderabad,job
222,Account manager,Biofuels Production Managers,Management,HCL,Ahmedabad,internship
223,Vice President,Chief Executives,Development,Hooli,Chennai,internship
224,Officers,Chief Sustainability Officers,Skill Set,Pied Piper,Ahmedabad,job
225,Managers,Compliance Managers,Management,FLY,Vadodara,internship
227,Clerks,Correspondence Clerks,Accountancy,Ali Baba,Nagpur,job
228,Delivery boy,Couriers,Deliver,Amazon,Raipur,job
229,Delivery boy,Messengers,Deliver,Google,Bangalore,job
230,Audit,Energy Auditors,Audit,Hooli,Chennai,internship
231,Executions,Executives,Chief,Pied Piper,Ahmedabad,job
232,Clerks,File Clerks,File handling,FLY,Vadodara,internship
233,Managing,Geothermal managers,Management,Ali Baba,Chandigarh,job
234,Medicine,Medical Secretaries,Medication,Amazon,Delhi,internship
235,Operators,System Operators,System,Google,Mumbai,internship
236,Clerks,Accounts clerk,Accountancy,Hooli,Kolkata,internship
237,Analysis,Operations Research Analysts,Research,Pied Piper,Banagalore,job
238,Clerks,Timekeeping Clerks,Service,FLY,Hyderabad,internship
239,Specialist,Public Relations Specialists,Product,Ali Baba,Ahmedabad,job
240,Managing,Fund raising Managers,Management,Amazon,Pune,internship
241,Clerks,Information Clerks,Service,Google,Surat,internship
242,Managers,Spa Managers,Management,Hooli,Jaipur,internship
243,Operators,Telephone Operators,Signal,Pied Piper,Indore,job
244,Technicians,Video Equipment Technicians,Tech,FLY,Agra,internship
245,Technicians,Audio Equipment Technicians,Tech,Ali Baba,Meerut,job
246,news,Broadcast News Analysts,Media,Amazon,Rajkot,internship
247,Technicians,Broadcast Technicians,Media|Television,Google,Raipur,internship
248,Repairers,Photographic Equipment Repairers,Photography,Hooli,Bangalore,job
249,Editorial,Copy Writers,Writing,Pied Piper,Chennai,internship
250,Artist,Craft Artists,Art,FLY,Ahmedabad,job
251,Publishers,Desktop Publishers,Media,Ali Baba,Vadodara,job
252,Editors,Video Editors,videography,Amazon,Nagpur,job
253,Artist,Fine artists,Art,Google,Raipur,internship
254,Artist,Multimedia Artists,Art,Hooli,Bangalore,job
255,Composers,Music Composers and Arrangers,Music,Pied Piper,Chennai,job
256,Editorial,"Poets, Lyricists",Poetry,FLY,Ahmedabad,job
257,Direction,Program Directors,Event,Ali Baba,Vadodara,job
258,Reporting,Reporters and Correspondents,Media|Television,Amazon,Chandigarh,job
259,Direction,Talent Directors,Cinema,Google,Delhi,internship
260,Telecom,Telecommunications,Telecom,Hooli,Mumbai,job
261,Research,Anthropology,Study,Pied Piper,Kolkata,internship
262,Archive,Archivists,Records,FLY,Banagalore,job
263,Speciality,Multimedia Specialists,Specialist,AliBaba,Hyderabad,job
264,Education,Business Teachers,Expertise,Amazon,Mumbai,job
265,Education,Technical Education Teachers,Expertise,Google,Kolkata,internship
266,Sports,Coaches and Scouts,Coaching,Hooli,Banagalore,job
267,Education,Communications Teacher,Conversation,Pied Piper,Hyderabad,job
268,Coordination,Distance Learning Coordinators,DL programs,FLY,Ahmedabad,job
269,Education,Computer Science Teachers,Expertise,AliBaba,Chennai,job
270,Counselor,Vocational Counselors,Counseling,Amazon,Ahmedabad,internship
271,Education,Engineering Teachers,Expertise,Google,Vadodara,job
272,Coordination,Wellness Coordinators,Health,Hooli,Nagpur,internship
273,Education,Geography Teachers,Expertise,Microsoft,Raipur,job
274,Assistance,Graduate Teaching Assistants,Expertise,Infosys,Bangalore,job
275,Coordination,Instructional Coordinators,Expertise,AliBaba,Chennai,job
276,Education,Kindergarten Teachers,Expertise,Amazon,Ahmedabad,job
277,Education,Mathematical Science Teacher,Expertise,Flipkart,Vadodara,internship
278,Education,Middle School Teachers,Expertise,Hooli,Chandigarh,internship
279,Animator,Animators,Anime,Microsoft,Delhi,job
280,Writers,Creative Writers,Writing,Microsoft,Mumbai,internship
281,Workers,Line Installers,UserExpierence,AliBaba,Kolkata,job
282,Repairers,Repairers,UserExpierence,Infosys,Banagalore,job
283,Education,Archeology Teachers,Expertise,Google,Hyderabad,job
285,Officer,PHONE BANKING OFFICER,Banking,FLY,Ahmedabad,internship
287,Education,Vacancy for PRT,Expertise,FLY,Pune,job
288,Education,Vacancy for TGT,Expertise,Amazon,Surat,internship
289,Education,Vacancy for PGT,Expertise,Google,Jaipur,job
290,Insurance,PNB MET LIFE INSURANCE,Expertise,Lalit,Indore,internship
291,Development,JS Developer,BackendDevelpment,Pied Piper,Vadodara,job
292,Workers,Dispatchers,UserExpierence,FLY,Chandigarh,job
293,Engineer,Health and Safety Engineers,Health,AliBaba,Delhi,internship
294,Engineer,Industrial Engineers,Skill Set,Amazon,Mumbai,job
295,Engineer,Manufacturing Engineers,Skill Set,Google,Kolkata,job
296,Engineer,Marine Engineers,Marine,DPS,Banagalore,internship
299,Engineer,Materials Engineers,Skill Set,Pied Piper,Hyderabad,job
300,Engineer,Mechanical Engineers,Skill Set,Hooli,Ahmedabad,internship
301,Engineer,Mining Engineers,Mines,Pied Piper,Pune,job
302,Engineer,Mining Safety Engineers,Mines,Microsoft,Surat,internship
303,Engineer,Nuclear Engineers,Skill Set,AliBaba,Jaipur,job
304,Engineers,Petroleum Engineers,Skill Set,Amazon,Indore,internship
305,Engineers,Sales Engineers,Skill Set,Google,Agra,job
306,Engineer,Stationary Engineers,Skill Set,Hooli,Meerut,job
307,Attendants,Funeral Attendants,Funeral,Pied Piper,Rajkot,job
308,Workers,Funeral Service Worker,Service,FLY,Raipur,internship
309,Education,G.E.D. Teachers,Expertise,AliBaba,Bangalore,job
312,Gamers,Gaming Change Persons,Gamer,Lalit,Chennai,internship
313,Gamer,Gaming Services Workers,Gamer,Google,Ahmedabad,job
314,Gamers,Gaming Surveillance Officers,Gamer,HCL,Vadodara,job
315,Workers,Gas Compressor,Compress,Pied Piper,Nagpur,job
316,Cashier,Booth Cashiers,Booth,FLY,Raipur,job
317,Education,Graduate Teaching Assistants,Expertise,HCL,Bangalore,job
318,Designing,Graphic Designers,Designing,FLY,Chennai,internship
319,workers,Grinding and Polishing Workers,UserExpierence,Flipkart,Ahmedabad,job
320,workers,Grounds Maintenance Workers,UserExpierence,Amazon,Vadodara,job
321,Designing,Industrial Designers,Designing,Pied Piper,Chandigarh,internship
322,Techicians,Industrial Engineering Technicians,Industry,Amazon,Delhi,job
324,Engineers,Industrial Engineers,Industry,AliBaba,Mumbai,internship
325,Workers,Maintenance Workers,Management,Amazon,Kolkata,internship
326,Manager,Industrial Production Managers,Management,Google,Banagalore,internship
327,Education,Historians,Historic,Hooli,Hyderabad,job
328,Repairers,Home Appliance Repairers,Appliance,Pied Piper,Mumbai,internship
329,Health care,Home Health Aides,Health Centers,FLY,Kolkata,job
330,Management,Hotel Managers,Management,FLY,Banagalore,job
331,Cleaners,Housekeeping Cleaners,UserExpierence,Amazon,Hyderabad,job
332,Managers,Human Resources Managers,Management,Google,Ahmedabad,internship
333,Specialist,Human Resources Specialists,Specialist,Hooli,Chennai,job
334,Assistance,Human Service Assistants,Service,Pied Piper,Rajkot,internship
335,Workers,Hunting Workers,UserExpierence,AP agro,Bhopal,internship
336,Specialist,Hydrologists,Specialist,AP agro,Mumbai,job
337,Coordination,Instructional Coordinators,Coordination,AP agro,Ghaziabad,internship
338,Workers,Insulation Workers,UserExpierence,AP agro,Noida,job
339,Agents,Insurance Sales Agents,Sales,AP agro,Chandigarh,internship
340,Agents,Insurance Underwriters,Insurance,AP agro,Kanpur,job
341,Designing,Interior Designers,Designing,FLY,Lucknow,job
342,Specialist,Interpreters,Interpretation,AliBaba,Faisalabad,job
343,Workers,Iron Workers,UserExpierence,Amazon,Gwalior,internship
344,Jewelers,Jewelers,Jeweler,Google,Nagpur,job
345,Analysis,Job Analysis Specialists,Specialist,Hooli,Raipur,internship
346,Editorial,Journalists,Journal,Pied Piper,Bangalore,job
347,Law,Judges,Legislature,FLY,Chennai,job
348,Specialist,Labor Relations Specialists,Specialist,AliBaba,Ahmedabad,job
349,Husbandry,Laboratory Animal Caretakers,Caretaker,Amazon,Vadodara,job
350,Architecture,Landscape Architects,Expertise,Google,Chandigarh,job
351,Repairers,Locksmiths and Safe Repairers,UserExpierence,Hooli,Delhi,internship
352,Managers,Lodging Managers,Management,Flipkart,Mumbai,job
353,Workers,Logging Workers,UserExpierence,JCB,Kolkata,job
354,Logistics,Logicians,UserExpierence,JCB,Banagalore,internship
355,Workers,Layout Workers,UserExpierence,JCB,Hyderabad,job
356,Assistance,Legal Assistants,Legal,JCB,Ahmedabad,job
357,workers,Legal Support Workers,UserExpierence,JCB,Pune,job
358,Legislation,Legislators,Legislature,JCB,Surat,job
360,Representatives,Manufacturing Sales Representatives,Manufacture,FLY,Jaipur,job
361,Technicians,Mapping Technicians,UserExpierence,AliBaba,Indore,internship
362,Workers,Marble Setters,UserExpierence,Amazon,Agra,job
363,Mechanics,Marine Mechanics,Marine,Google,Meerut,job
364,Engineer,Marine Engineers,Expertise,HCL,Rajkot,job
365,Analysis,Market Research Analysts,Research,Pied Piper,Bhopal,job
366,Education,Mathematical Technicians,Expertise,FLY,Mumbai,internship
367,Education,Mathematicians,Skill Set,AliBaba,Ghaziabad,job
368,Food Preparation,"Meat, Poultry, and Fish Cutters",Food,Amazon,Noida,internship
369,Packaging,Meat Packers,UserExpierence,Google,Chandigarh,job
370,Repairers,Mechanical Door Repairers,UserExpierence,fly,Kanpur,internship
371,Engineers,Mechanical Engineering Technicians,Expertise,Amazon,Lucknow,internship
372,Engineers,Mechanical Engineers,Expertise,Flipkart,Faisalabad,internship
373,Mechanics,Mechanics - Automotive,Expertise,Google,Gwalior,job
374,Mechanics,Mechanics - Diesel,Expertise,Go ibio,Nagpur,internship
375,Mechanics,"Mechanics - Heating, Air Conditioning",Expertise,Pied Piper,Raipur,job
376,Mechanics,Mechanics - Industrial Machinery,Expertise,Hooli,Bangalore,internship
377,Mechanics,Mechanics - Small Engine,Expertise,Lalit,Chennai,internship
378,workers,Equipment Workers,UserExpierence,Lalit,Ahmedabad,internship
379,workers,Media and Communication Workers,Media,Lalit,Vadodara,job
380,technicians,Medical Appliance Technicians,Medicine,Google,Nagpur,internship
381,Assistance,Medical Assistants,Medicine,FLY,Raipur,job
382,Medical,Medical Billing and Coding,UserExpierence,maruti,Bangalore,internship
383,Medicine,Medical Doctors,Medication,oracal,Chennai,internship
384,Repairers,Medical Equipment Repairers,Medication,Google,Ahmedabad,job
387,Repairers,Medical Laboratory Technologists,Medication,Hooli,Vadodara,internship
388,Techicians,Medical Records Technicians,Medication,AliBaba,Chandigarh,job
389,Medicine scientist,Medical Scientists,Medication,Amazon,Delhi,job
390,Managing,Medical Services Managers,Medication,Google,Mumbai,job
391,Medicine,Medical Transcription,Medication,Hooli,Kolkata,internship
392,Specialist,Meteorologists,Expertise,Pied Piper,Banagalore,job
393,Readers,Meter Readers,UserExpierence,FLY,Hyderabad,job
401,Specialist,Microbiologists,UserExpierence,AliBaba,Ahmedabad,job
405,Education,Middle School Principals,Expertise,Amazon,Pune,job
407,Education,Middle School Teachers,Expertise,Google,Surat,job
408,Mills man,Millwrights,Corn mills,Amazon,Jaipur,internship
409,Operators,Channeling Machine Operators,UserExpierence,Pied Piper,Indore,job
410,Operators,Mine Shuttle Car Operators,Automobile,Wipro,Agra,job
412,Engineers,Mining Engineers,Mines,Infosys,Meerut,job
413,Operators,Mining Machine Operators,mines,Microsoft,Rajkot,internship
414,Engineer,Mining Safety Engineers,Expertise,Police Station,Raipur,job
415,technicians,Mobile Equipment Service Technicians,Service,Sheetal,Bangalore,job
416,Technicians,Motion Picture Projectionists,Picturisation,Ali baba,Chennai,internship
417,Operators,Motor Vehicle Operators,Automobile,Hooli,Ahmedabad,job
418,Mechanics,Motorcycle Mechanics,Expertise,Go ibio,Vadodara,job
419,tech lead,MRI Technologists,Medical,Capegemini,Nagpur,job
420,Animator,Multimedia Animators,Animations,Khaitan,Raipur,internship
421,Techicians,Museum Technicians,History,Ambuja,Bangalore,internship
422,Direction,Music Directors and Composers,Music,Sujata,Chennai,job
423,Repairers,Musical Instrument Repairers,Music,Filpkaart,Ahmedabad,job
424,Musicians,Musicians,Music,Hooli,Vadodara,internship
425,Techicians,Nail Technicians,Nail,HCL,Chandigarh,job
426,Managing,Natural Sciences Managers,Management,Pied Piper,Delhi,job
427,Architecture,Naval Architects,UserExpierence,Wipro,Mumbai,job
428,Architecture,Network Architects,Expertise,Infosys,Kolkata,job
429,Administration,Network Systems Administrators,Expertise,Microsoft,Banagalore,job
431,Analysis,News Analysts,Expertise,Police Station,Hyderabad,internship
432,Engineers,Nuclear Engineers,Expertise,Sheetal,Ahmedabad,job
433,Techicians,Nuclear Medicine Technologists,Expertise,Ali baba,Delhi,job
434,Techicians,Nuclear Technicians,Expertise,Hooli,Mumbai,internship
435,Analysis,Operations Research Analysts,Reasearch,Go ibio,Kolkata,job
436,Techicians,Ophthalmic Medical Technicians,Medical,Capegemini,Banagalore,internship
437,Operators,"Opticians, Dispensing",Expertise,Khaitan,Hyderabad,internship
438,Specialist,Optometrists,Expertise,Ambuja,Ahmedabad,internship
439,Non medical,Orderlies,Non medical care,Sujata,Pune,job
440,Specialist,Orthotists,Expertise,Filpkaart,Surat,internship
441,Painters,Painters,UserExpierence,Hooli,Jaipur,job
442,workers,Painting Workers,UserExpierence,HCL,Indore,job
443,Hangers,Paperhangers,UserExpierence,Pied Piper,Agra,job
444,Legal,Paralegals,Legal Affairs,FLY,Meerut,internship
445,Specialist,Paramedics,Expertise,AliBaba,Rajkot,internship
446,Workers,Parking Enforcement Workers,Expertise,Amazon,Bhopal,internship
447,Attendents,Parking Lot Attendants,UserExpierence,Google,Mumbai,internship
448,workers,Patternmakers (Wood),UserExpierence,Hooli,Ghaziabad,job
449,Clerks,Payroll Clerks,UserExpierence,Flipkart,Noida,internship
450,Specialist,Pedicurists,Expertise,JCB,Chandigarh,job
451,Specialist,Physical Scientists,Expertise,JCB,Kanpur,job
452,Therapist,Physical Therapist Assistants,Expertise,JCB,Lucknow,job
453,Therapist,Physical Therapists,Expertise,JCB,Faisalabad,internship
454,Assistance,Physician Assistants,Expertise,JCB,Gwalior,job
455,Theater,"Producers - Film, Theater",Production,JCB,Nagpur,internship
456,Manager,Production Managers,Management,FLY,Raipur,job
457,Workers,Production Worker Helpers,Production,AliBaba,Bangalore,job
458,workers,Production Workers,Production,Amazon,Chennai,job
459,Managing director,Promotions Managers,Management,Google,Ahmedabad,internship
460,Makers,Proofreaders and Copy Markers,Expertise,HCL,Vadodara,job
461,Managers,Property Managers,Management,Pied Piper,Chandigarh,job
463,Service,Prosthetists,Expertise,FLY,Delhi,job
464,Therapist,Radiation Therapists,Expertise,AliBaba,Delhi,job
465,Operators,Radio Operators,UserExpierence,Amazon,Mumbai,internship
466,Repairers,Tower Equipment Installers,UserExpierence,Google,Kolkata,job
467,tech lead,Radiologic Technologists,UserExpierence,sbi,Banagalore,internship
468,Transport Workers,Rail Transportation Workers,UserExpierence,sbi,Hyderabad,job
469,Operators,Maintenance Equipment Operators,Maintenance,sbi,Ahmedabad,job
470,Occupier,Railroad Occupations,Railway,sbi,Pune,job
471,Ranch,Ranchers,Home,sbi,Surat,job
472,Brokers,Real Estate Brokers,Market,sbi,Jaipur,internship
473,Managers,Real Estate Managers,Management,Hooli ,Indore,internship
474,Counselor,Rehabilitation Counselors,Rehab,Lalit,Agra,job
475,workers,Reinforcing Iron and Reba Workers,UserExpierence,Lalit,Meerut,internship
476,Direction,Religious Activities and Education Directors,Religions,Lalit,Rajkot,job
477,Helpers,Religious Workers,Religions,Google,Bhopal,job
479,workers,Repair and Maintenance Workers,UserExpierence,FLY,Mumbai,job
480,Reporting,Reporters,Media|Television,maruti,Ghaziabad,job
481,Advisor,Residential Advisers,Residence,oracal,Noida,internship
482,Therapist,Respiratory Therapists,Expertise,Google,Chandigarh,job
483,workers,Retail Sales Workers,Sales,Hooli,Kanpur,internship
484,Marine,Riggers,Sailing,AliBaba,Lucknow,internship
485,mining,Roof Bolters (Mining),roof,Amazon,FAridabad,job
486,mining,Roofers,UserExpierence,Google,Gwalior,job
487,Operators,Rotary Drill Operators,UserExpierence,Hooli,Nagpur,job
488,Laborers,Roustabouts,UserExpierence,Pied Piper,Raipur,job
489,Guards,Security Guards,UserExpierence,FLY,Bangalore,job
490,laborers,Segmental Pavers,UserExpierence,AliBaba,Chennai,internship
491,DRiving,Semi Truck Drivers,Driving,Amazon,Ahmedabad,job
492,Cleaners,Septic Tank Servicers,Service,Google,Vadodara,job
493,Operators,Service Unit Operators,Service,Amazon,Chandigarh,job
494,Designing,Set and Exhibit Designers,Designing,Pied Piper,Delhi,job
495,Cleaners,Sewers (Hand),UserExpierence,Wipro,Gwalior,internship
496,workers,Shampooers,UserExpierence,Infosys,Nagpur,job
497,workers,Sheet Metal Workers,UserExpierence,Microsoft,Raipur,internship
498,Clerks,Traffic Clerks,UserExpierence,Police Station,Bangalore,job
499,Repairers,Leather Workers and Repairers,UserExpierence,Sheetal,Chennai,internship
500,Repairers,Signal and Track Switch Repairers,UserExpierence,Ali baba,Ahmedabad,internship
501,Specialist,Skincare Specialists,Expertise,Hooli,Vadodara,internship
502,workers,Slaughterers,UserExpierence,Go ibio,Chandigarh,job
504,Mechanics,Small Engine Mechanics,UserExpierence,Capegemini,Delhi,internship
505,Assistance,Social Science Research Assistants,Research,Khaitan,Delhi,job
506,workers,Social Scientists and Related Workers,UserExpierence,Ambuja,Mumbai,internship
507,Assistance,Social Service Assistants,Service,Sujata,Kolkata,internship
508,Management,Social Service Managers,Service,Filpkaart,Banagalore,internship
509,Social Workers,Social Workers,UserExpierence,Hooli,Hyderabad,job
510,Specialist,Sociologists,UserExpierence,HCL,Ahmedabad,internship
511,Development,Software Developers,BackendDevelpment,Pied Piper,Pune,job
512,Workers,Solar Photovoltaic Installers,UserExpierence,Wipro,Surat,internship
513,Workers,Solderers,UserExpierence,Infosys,Jaipur,internship
514,Engineers,Sound Engineering Technicians,UserExpierence,Microsoft,Indore,job
515,Education,Special Education Teachers,Expertise,Police Station,Agra,internship
516,Education,Special Education Teachers,Expertise,Sheetal,Meerut,job
517,Specialist,Speech-Language Pathologists,Expertise,Ali baba,Chennai,job
518,Engineer,Stationary Engineers,Expertise,Hooli,Ahmedabad,job
519,Assistance,Statistical Assistants,Expertise,Go ibio,Vadodara,internship
520,Mathematicians,Statisticians,Expertise,Capegemini,Chandigarh,job
521,workers,Steamfitters,Expertise,Khaitan,Delhi,job
522,workers,Steel Workers,UserExpierence,Ambuja,Gwalior,job
523,Masons,Stonemasons,UserExpierence,Sujata,Nagpur,job
524,Counselor,Substance Abuse Counselors,Expertise,Filpkaart,Raipur,job
526,Operators,Subway and Streetcar Operators,Expertise,Hooli,Bangalore,internship
527,Medicine,Surgeons,Expertise,HCL,Chennai,job
528,Tech lead,Surgical Technologists,Expertise,Hooli ,Ahmedabad,job
529,Researchers,Survey Researchers,Expertise,Pied Piper,Vadodara,job
531,Technicians,Surveying Technicians,Expertise,FLY,Chandigarh,internship
532,Survey head,Surveyors,Expertise,AliBaba,Delhi,job
533,Operators,Switchboard Operators,UserExpierence,Amazon,Delhi,job
534,Workers,Custom Sewers,UserExpierence,Google,Mumbai,internship
535,workers,"Tank Car, Truck, and Ship Loaders",UserExpierence,Hooli,Kolkata,job
536,workers,Tapers,UserExpierence,Pied Piper,Banagalore,job
537,Agents,Revenue Agents,UserExpierence,FLY,Hyderabad,job
538,Sales,Tax Prepares,UserExpierence,AliBaba,Ahmedabad,internship
539,Driving,Taxi Drivers,UserExpierence,Amazon,Chennai,internship
540,Marketing head,Telemarketers,UserExpierence,Google,Ahmedabad,job
541,Operators,Telephone Operators,UserExpierence,Hooli,Vadodara,job
542,Editorial,Motion Picture Camera Operators,Cinema,Pied Piper,Nagpur,internship
543,Editorial,Tellers,UserExpierence,FLY,Raipur,job
544,workers,Terrazzo Workers,UserExpierence,AliBaba,Bangalore,job
546,Business,Textile Careers,UserExpierence,Amazon,Chennai,job
547,workers,Furnishings Workers,UserExpierence,Google,Ahmedabad,job
548,Therapist,Radiation Therapists,UserExpierence,Hooli,Vadodara,job
549,workers,Tile Setters,UserExpierence,Pied Piper,Chandigarh,internship
550,Clerks,Timekeeping Clerks,UserExpierence,FLY,Delhi,job
551,Workers,Tire Builders,UserExpierence,AliBaba,Mumbai,job
552,Repairers,Tire Repairers and Changers,UserExpierence,Amazon,Kolkata,internship
553,workers,Tobacco Processing Workers,UserExpierence,Google,Banagalore,job
554,Makers,Tool and Die Makers,UserExpierence,Hooli,Hyderabad,internship
555,Sharpeners,Sharpeners,UserExpierence,Pied Piper,Ahmedabad,internship
556,Chief Executive,Top Executives,Expertise,FLY,Pune,internship
558,Guides,Tour Guides and Escorts,Tourism,AliBaba,Surat,job
559,Techicians,Traffic Technicians,UserExpierence,Amazon,Jaipur,internship
561,Management,Training Managers,Management,Google,Indore,job
562,Specialist,Training and Development Specialists,Training,Hooli,Agra,job
563,Specialist,Translators,Expertise,Pied Piper,Meerut,job
564,agents,Travel Agents,Travelism,FLY,Rajkot,internship
565,Clerks,Travel Clerks,Travelism,AliBaba,Raipur,job
567,Guides,Travel Guides,Travelism,Amazon,Bangalore,internship
568,workers,Delivery and Sales Workers,Delivery,Google,Chennai,job
569,Driving,Truck Drivers - H,Driving,Hooli,Ahmedabad,job
571,Techicians,Ultrasound Technician,UserExpierence,Pied Piper,Vadodara,job
573,Officer,Sports Officials,Expertise,FLY,Nagpur,internship
574,workers,Upholsterers,Expertise,AliBaba,Raipur,job
575,Planners,Urban and Regional Planners,Expertise,Amazon,Bangalore,job
577,Attendees,"Ushers, Lobby Attendants",Expertise,Google,Chennai,job
580,Specialist,Vascular Technologists,Expertise,Hooli,Ahmedabad,job
581,Repairers,Amusement Machine Servicer,Service,Pied Piper,Vadodara,internship
582,Specialist,Veterinarians,Service,FLY,Chandigarh,job
585,Assistance,Veterinary Assistants,Expertise,AliBaba,Delhi,internship
586,Techicians,Veterinary Technologists,Expertise,Amazon,Mumbai,job
587,Editors,Video Editors,Expertise,Google,Kolkata,job
588,Head nurse,Vocational Nurses,Nursing,Hooli,Banagalore,job
589,Technilogist,X-Ray Technologists,Expertise,Microsoft,Hyderabad,job
590,Specialist,Zoologists,Expertise,Infosys,Mumbai,internship
592,workers,Wellhead Pumpers,Expertise,AliBaba,Kolkata,internship
593,Marketing manager,Wholesale Sales Representatives,Expertise,Amazon,Banagalore,job
594,Animal care,Wildlife Biologists,Expertise,Flipkart,Hyderabad,internship
595,Techicians,Wind Turbine Technicians,Expertise,Hooli,Ahmedabad,job
596,Typists,Word Processors and Typists,Expertise,Microsoft,Chennai,job
597,workers,Woodworkers,UserExpierence,Microsoft,Ahmedabad,job
599,Engineer,Process Engineer,BackendDevelpment,Hooli,Jaipur,job
600,Junior Engineer,"Automation Engineer,",BackendDevelpment,Pied Piper,Indore,internship
603,Software Engineer,Software Engineering SMTS,BackendDevelpment,FLY,Agra,job
605,Architecture,Systems Architect,System,AliBaba,Meerut,job
606,Software Engineer,Assistant Software Engineer Jobs,Assistance,Amazon,Rajkot,job
608,Manager,Assistant Legal Manager,Assistance,Google,Raipur,internship
609,Manager,Assistant Manager Accounts,Accountancy,Hooli,Bangalore,job
610,Senior Management,Assistant Manager Administration,Administration,Pied Piper,Chennai,job
611,Manager,Assistant Manager Audit,Audit,FLY,Ahmedabad,internship
612,Business,Bussiness Development,Development,AliBaba,Vadodara,job
613,Managing,Commercial Manager,Commerce,Amazon,Nagpur,job
614,Manager,Manager Design,Designing,Google,Raipur,job
615,Manager,Manager Content,Content,Hooli,Bangalore,internship
616,Junior Manager,EDP Manager,Management,Pied Piper,Chennai,internship
617,Pagemaker,Adobe Pagemaker Jobs,Designing,FLY,Ahmedabad,job
619,Designer,AdobedayCQ5 Jobs,Designing,AliBaba,Vadodara,job
620,Administrator,Administrative Jobs,Administration,Amazon,Chandigarh,internship
621,Administrator,Administrator Jobs,Administration,Google,Delhi,job
626,Administrator,Adminstration Jobs,Administration,Hooli,Mumbai,job
627,Executive,ADO Jobs,ADO,Pied Piper,Kolkata,job
628,Executive,ADO.Net Jobs,Development,FLY,Banagalore,job
630,Designer,Adobe Captivate Jobs,Adobe,AliBaba,Hyderabad,job
631,Designer,Adobe CQ Jobs,Adobe,Amazon,Mumbai,internship
632,Designer,Adobe CQ 5 Jobs,Adobe,Google,Kolkata,job
633,Designer,Adobe cq5 Jobs,Adobe,Hooli,Banagalore,job
635,Designer,Adobe CS Jobs,Adobe,Pied Piper,Hyderabad,internship
637,Designer,Adobe Flash Player Jobs,Adobe,FLY,Ahmedabad,job
638,Illustrator,Adobe Illustrator Jobs,Adobe,AliBaba,Chennai,internship
639,Designer,Adobe In design Jobs,Adobe,Amazon,Ahmedabad,internship
640,photo shop,Adobe Photoshop Jobs,Adobe,Hooli,Mumbai,internship
647,Designer,Adobe Captivate Jobs,Adobe,Pied Piper,Kolkata,job
648,Designer,AdobedayCQ5 Jobs,Adobe,FLY,Banagalore,internship
650,Advanced,Advance Jobs,Advanced,AliBaba,Hyderabad,job
651,Engineer,Advance java Jobs,Administration,Amazon,Ahmedabad,job
653,Engineer,Advanced excel Jobs,Advanced,Google,Pune,job
656,Advertisement,Advertisement Jobs,Advertising,Hooli,Surat,internship
659,Advertisement,Advertisement Sales Jobs,Advertising,Pied Piper,Jaipur,job
661,ATG,ATG Commerce Jobs,Commercing,Google,Rajkot,internship
662,Developer,ATG developer Jobs,Development,Hooli,Bhopal,job
663,Developer,ATG Dynamo Jobs,Dynamo,Pied Piper,Mumbai,job
664,ATG,Atg ecommmerce Jobs,Ecommerce,FLY,Ghaziabad,job
665,ATG,Atg framework Jobs,Framework,AliBaba,Noida,internship
667,ATG,ATG-Commerce Jobs,Commercing,Amazon,Chandigarh,job
668,ATL,ATL Jobs,Development,Google,Kanpur,job
670,Audience,Audience Programs Jobs,Program,Hooli,Lucknow,job
671,Accounts,Audit Jobs,Audit,Microsoft,FAridabad,job
673,Assistance,Audit Assistant Jobs,Assistance,Infosys,Gwalior,internship
674,Executive,Audit executive Jobs,Audit,AliBaba,Nagpur,job
678,Auditor,Auditing Jobs,Audit,Amazon,Raipur,internship
679,Auditor,auditor Jobs,Audit,Flipkart,Bangalore,job
680,Auditor,Audits Jobs,Audit,Hooli,Chennai,job
681,Auditor,Audittracking Jobs,Audit,Microsoft,Ahmedabad,job
685,aum,Aum Jobs,Development,Microsoft,Vadodara,job
687,Aun,Aun global Jobs,Global,AliBaba,Chandigarh,internship
688,Author,Author Jobs,Writing,Pied Piper,Kolkata,internship
690,Author,Authoring Jobs,Writing,FLY,Banagalore,job
691,Auto,Auto Jobs,Expertise,AliBaba,Hyderabad,internship
692,Auto,Auto CAD Jobs,Expertise,Amazon,Ahmedabad,job
694,Auto,Auto finance Jobs,Finance,Google,Pune,job
695,Auto,Auto Loans Jobs,Loans,Hooli,Surat,job
696,Auto,Auto sys Jobs,System,Pied Piper,Jaipur,job
697,Auto,AutoLISP Jobs,Lisp,FLY,Indore,internship
698,Advanced,automation Jobs,Automation,AliBaba,Agra,internship
700,Advanced,Automated test Jobs,Automation,Amazon,Meerut,internship
702,Auto,Automation Jobs,Automation,Google,Rajkot,job
703,Auto,Automation Framework Jobs,Framework,Hooli,Bhopal,internship
704,Automation,Automation test Jobs,Auto,Pied Piper,Mumbai,job
705,Accounts,Aviation Jobs,Aviation,FLY,Ghaziabad,job
707,Engineer,Aviation Engineering Jobs,Aviation,AliBaba,Noida,job
708,As,AWS Jobs,AWS,Pied Piper,FAridabad,internship
709,AWT,AWT Jobs,Awt,FLY,Gwalior,job
710,Functional,Ax functional Jobs,Functional,Amazon,Raipur,internship
711,Technical,AX Technical Jobs,Development,Google,Bangalore,job
714,Ax++,Ax++ Jobs,Service,Hooli,Chennai,job
715,Junior Manager,Ayurvedic Jobs,Ayurvedic,AliBaba,Chandigarh,job
718,Doctor,Ayurvedic Doctor Jobs,Medicine,Amazon,Delhi,internship
719,b2b,B2b Jobs,b2b,Hooli,Kolkata,job
720,Manager,B2B marketing Jobs,Marketing,FLY,Hyderabad,job
721,Manager,B2b sales Jobs,Sales,AliBaba,Ahmedabad,job
722,BAAN,BAAN Jobs,Development,Google,Surat,job
724,Developer,back end operation Jobs,BackendDevelpment,Hooli,Jaipur,internship
725,Developer,Back office Jobs,BackendDevelpment,Pied Piper,Indore,job
726,Developer,Back office Operations Jobs,BackendDevelpment,FLY,Agra,internship
728,Developer,BackboneJS Jobs,BackendDevelpment,AliBaba,Meerut,job
731,Developer,Backend Jobs,BackendDevelpment,Amazon,Rajkot,job
733,Developer,Backend developer Jobs,BackendDevelpment,Google,Raipur,job
735,Developer,Backend engineer Jobs,BackendDevelpment,Hooli,Bangalore,internship
736,Developer,Backoffice operations Jobs,BackendDevelpment,Microsoft,Chennai,internship
737,Chef,Baker Jobs,Baker,Infosys,Ahmedabad,job
741,Chef,Bakery Chef Jobs,Bakery,AliBaba,Vadodara,job
742,Accounts,Balance sheet Jobs,Balance,Amazon,Nagpur,internship
743,Manager,Bancassurance Management Jobs,Management,Hooli,Bangalore,job
745,Manager,Bank Reconciliation Statement Jobs,,Microsoft,Chennai,job
746,Biologist,Biologist Jobs,Biological,Microsoft,Ahmedabad,job
747,BIologist,Biology Jobs,Biology,AliBaba,Vadodara,job
748,Biologist,Biomedical Science Jobs,Medical,Infosys,Chandigarh,internship
750,Biologist,Biometrics Jobs,Biological,Capegemini,Delhi,job
753,Developer,BIOS Jobs,BIOS,Khaitan,Mumbai,job
754,Developer,Biospec Jobs,Biospec,Ambuja,Kolkata,internship
755,Biologist,Biosystems Jobs,System,Sujata,Banagalore,job
756,Biotech,Biotechnology Jobs,Tech,Filpkaart,Hyderabad,internship
757,Designer,BIW Design Jobs,Designing,Hooli,Ahmedabad,internship
759,Designer,Biz Jobs,Biz,HCL,Delhi,internship
760,Executive,Biz talk Jobs,Biz,Hooli ,Mumbai,job
761,Junior Engineer,Biztalk server Jobs,Service,Pied Piper,Kolkata,internship
762,Senior Management,black belt Jobs,Service,FLY,Banagalore,job
764,Senior Management,Black berry Jobs,Service,AliBaba,Hyderabad,job
765,Executive,Blackberry Jobs,Service,Amazon,Ahmedabad,job
766,Executions,Blended Jobs,Sales,Google,Pune,internship
767,Blogger,Blog writing Jobs,Blogging,Hooli,Surat,job
769,Blogger,Blogging Jobs,B Logging,Pied Piper,Jaipur,internship
775,Property Dealer,Against property Jobs,Property,Google,Kanpur,job
778,Agents,Agency Jobs,Agency,Hooli,Lucknow,internship
779,Agents,Agency channel Jobs,Agency,Pied Piper,FAridabad,job
780,Senior Agents,Agency development Jobs,Development,FLY,Gwalior,job
781,Managers,Agency Management Jobs,Management,AliBaba,Nagpur,job
782,Che if Officers,Agency partner Jobs,Partnership,Amazon,Raipur,job
783,Senior Management,Agency sales Jobs,Sales,Google,Bangalore,internship
784,Sales Manager,Agency sales manager Jobs,Sales,Hooli,Chennai,internship
785,Executive,Agent Jobs,Agency,Pied Piper,Ahmedabad,job
786,Counselor,Agent Hiring Jobs,Hiring,FLY,Vadodara,internship
787,Agm,AGM Jobs,Agm,Pied Piper,Kolkata,internship
788,Agrochemist,Agrochemical Jobs,Agro,FLY,Banagalore,job
793,Agronomist,Agronomist Jobs,Agro,AliBaba,Hyderabad,internship
798,Managing director,agronutrients Jobs,Agro,Amazon,Ahmedabad,internship
799,Aircraft,air cargo Jobs,Cargo|LOC,FLY,Indore,job
800,Aircraft,Air Condition Jobs,Airlines,AliBaba,Agra,job
801,Captain,Air conditioning Jobs,Airlines,Amazon,Meerut,internship
802,Cabin Crew,Air hostess Jobs,Airlines,Google,Rajkot,job
803,Cabin Crew,Air Watch Jobs,Airlines,Hooli,Bhopal,job
804,Senior Officers,Airlines Jobs,Airlines,Pied Piper,Mumbai,job
805,Junior Manager,Airoli Jobs,Airlines,FLY,Ghaziabad,job
806,Senior Officers,Air watch Jobs,Airlines,AliBaba,Noida,internship
808,Admin,AIX Admin Jobs,Administration,Google,Kanpur,internship
809,Admin,AIX Administration Jobs,Administration,Hooli,Lucknow,job
810,Specialist,AIX Specialist Jobs,Aix,Infosys,Gwalior,internship
813,Admin,AIX system Admin Jobs,System,AliBaba,Nagpur,internship
816,Mathematicians,Algorithm Jobs,Algorithm,Microsoft,Vadodara,internship
818,Mathematicians,Algorithms Jobs,Algorithm,Hooli,Chandigarh,internship
820,Management,ALLIANCE Jobs,Alliances,Pied Piper,Delhi,job
824,Senior Officers,Alliances Management Jobs,Alliances,FLY,Gwalior,internship
828,Senior Management,Amazon Jobs,Amazon,Pied Piper,Ahmedabad,internship
829,Senior Agents,Amazon web service Jobs,AWT,FLY,Vadodara,job
830,Senior Officers,Amazon Web Services Jobs,AWT,AliBaba,Chandigarh,job
831,Senior Officers,amazon web service Jobs,AWT,Amazon,Delhi,job
832,Senior Agents,American Studies Jobs,Study,Pied Piper,Kolkata,job
833,Senior Agents,Amerisource Bergen Jobs,Study,FLY,Banagalore,job
834,Junior Manager,Amex Jobs,Amex,AliBaba,Hyderabad,job
835,Speciality,Anaesthetist Jobs,Speciality,Hooli,Surat,job
836,Senior Management,Analog Jobs,Service,Pied Piper,Jaipur,job
837,Senior Officers,BMS Engineer Jobs,Development,FLY,Indore,job
838,Manager,Cafe Manager Jobs,Cafes,AliBaba,Agra,internship
839,Accountant,Cake Framework Jobs,Framework,Amazon,Meerut,job
840,Developer,Cake PHP Jobs,PHp,Google,Chennai,job
841,Developer,Cakephp Jobs,PHP,Hooli,Ahmedabad,internship
842,Developer,Calabash Jobs,Development,Pied Piper,Vadodara,job
844,Developer,Call Center Jobs,Service,FLY,Chandigarh,job
845,Developer,Call coordinator Jobs,Service,AliBaba,Delhi,job
846,Developer,Call logging Jobs,Service,Amazon,Gwalior,internship
848,Developer,Call monitoring Jobs,Service,Google,Nagpur,internship
849,Developer,Call quality Jobs,Service,Hooli,Raipur,job
850,Developer,Calypso Jobs,Service,Pied Piper,Bangalore,job
851,Development,CAM Drawing Jobs,Service,FLY,Chennai,internship
852,Develpment,Cambata Jobs,Service,AliBaba,Ahmedabad,job
854,Development,Camel Jobs,Service,Amazon,Vadodara,job
858,Staff,Campaign Jobs,Service,Google,Chandigarh,job
861,Management,campaign management Jobs,Management,Hooli,Delhi,job
864,Staff,Campaigns Jobs,Management,Pied Piper,Delhi,job
865,Assistance,Candidate Search Jobs,Service,FLY,Mumbai,internship
866,Assistance,Candidate Sourcing Jobs,Service,AliBaba,Kolkata,job
867,Assistance,Capacity planning Jobs,Service,Amazon,Banagalore,job
869,Market value,Capital Goods Jobs,Goods,Google,Hyderabad,internship
870,Marketing head,Capital market Jobs,Marketing,Hooli,Ahmedabad,job
872,Financier,Capital Requirements Directive Jobs,Marketing,Pied Piper,Chennai,internship
875,Financier,Captivate Jobs,Market,FLY,Ahmedabad,internship
876,Repairier,Car AC Repair Jobs,Automobile,AliBaba,Vadodara,internship
879,Driver,Car Driver Jobs,Automobile,Amazon,Nagpur,job
880,Serving,Car Engine Servicing Jobs,Automobile,Google,Raipur,internship
881,Banker,Car Loan Jobs,Automobile,Hooli,Bangalore,job
882,Analyst,Card Analyst Jobs,Automobile,Microsoft,Chennai,job
885,Specialist,Cardiologist Jobs,Speciality,Infosys,Ahmedabad,job
886,Army,Cargo Jobs,Speciality,AliBaba,Vadodara,internship
888,Army,Carmel Jobs,Service,Amazon,Chandigarh,job
889,Serving,Casa Jobs,Service,Flipkart,Delhi,internship
891,Developer,case evaluation Jobs,Service,Hooli,Mumbai,job
892,Developer,Cash Application Jobs,Service,Microsoft,Kolkata,job
893,Developer,Cash Apps Jobs,Service,Microsoft,Banagalore,job
896,Managers,Cash Flow Management Jobs,Management,AliBaba,Hyderabad,internship
897,Data handler,Cash Handling Jobs,File handling,Infosys,Ahmedabad,job
898,Manager,cash management Jobs,Management,Hooli,Pune,job
899,Manager,Cast Iron Jobs,Service,Pied Piper,Surat,job
900,Makers,Casting Jobs,Service,FLY,Jaipur,job
901,Cataloger,Cataloger Jobs,Service,AliBaba,Indore,internship
902,Regionality,Catholic Jobs,Speciality,Amazon,Agra,job
903,Private sectors,Cell sizing Jobs,Service,AliBaba,Kolkata,internship
904,Public sectors,Cement Jobs,Service,Amazon,Banagalore,internship
905,Public sectors,Ceramics Jobs,Service,Google,Hyderabad,internship
906,Public sectors,Certified Public Accountant Jobs,Service,Hooli,Mumbai,job
907,Immigration,Immigration Coordinating Jobs,Service,Pied Piper,Kolkata,internship
908,Development,Impromptu Jobs,Service,FLY,Banagalore,job
909,IMS,IMS Jobs,IMS,AliBaba,Hyderabad,internship
910,IMSDB,IMSDB Jobs,IMSDB,Amazon,Ahmedabad,internship
911,Income,Income Tax Jobs,Income,Google,Chennai,internship
912,Designer,Industrial Designing Jobs,Designing,Hooli,Ahmedabad,job
913,Engineer,Industrial Engineering Jobs,Engineering,Pied Piper,Vadodara,internship
914,Relational,Industrial Relations Jobs,Relations,FLY,Nagpur,job
915,Information technology,Informatica Jobs,Information,AliBaba,Raipur,internship
916,Informatin technology,Information Management Jobs,Management,Capegemini,Bangalore,internship
917,Information technology,Information Systems Jobs,System,Khaitan,Chennai,job
918,Informatin technology,Inform ix Jobs,Information,Ambuja,Ahmedabad,internship
919,Ingres,Ingres Jobs,Ingres,Sujata,Vadodara,job
920,Service,InputAccel Jobs,Development,Filpkaart,Chandigarh,job
921,Managers,Inside Sales Jobs,Sales,Hooli,Delhi,job
922,Inspector,Inspection Jobs,Inspectors,HCL,Mumbai,internship
923,Inspection,Inspection Engineering Jobs,Inspectors,Hooli,Kolkata,job
924,Inspection,Installshield Jobs,Development,Pied Piper,Banagalore,job
926,Inspection,Insteon Jobs,Development,FLY,Hyderabad,job
927,Development,Institutional sales Jobs,Sales,AliBaba,Ahmedabad,job
928,Instructor,Instructing Jobs,Instructional,Amazon,Pune,job
929,Designer,Instructional designing Jobs,Instructional,Google,Surat,internship
930,Development,Instrument & Control Automation Jobs,Instrumental,Hooli,Jaipur,job
931,Development,Instrumentation Engineering Jobs,Instrumental,Pied Piper,Indore,internship
932,Analyst,Insurance Analyst Jobs,Insurance,FLY,Vadodara,job
933,Development,Integrated Studies Jobs,Interpretation,AliBaba,Chandigarh,job
934,Development,Interest Calculations Jobs,Development,Amazon,Delhi,job
935,Designer,interior designing Jobs,Development,Google,Mumbai,internship
936,Development,Internal auditing Jobs,Audit,Hooli,Kolkata,job
937,Development,International Business Development Jobs,Development,Pied Piper,Banagalore,job
938,Manager,International Business management Jobs,Management,FLY,Hyderabad,job
939,Marketing,International Marketing Jobs,Marketing,AliBaba,Ahmedabad,job
940,Development,International Studies Jobs,International,Amazon,Pune,internship
941,Travelling Agent,International Traveling Jobs,International,Google,Surat,job
942,Market,Internet Marketing Jobs,International,Hooli,Jaipur,internship
943,Development,Intershop Enfinity Jobs,International,Pied Piper,Indore,job
944,Development,Intrusion prevention/detection systems Jobs,Detection,FLY,Agra,job
945,Management,Inventory Control Management Jobs,Inventory,AliBaba,Meerut,job
946,Manager,Inventory management Jobs,Management,Amazon,Rajkot,job
947,Advisor,Investment Advisor Jobs,Advising,Google,Raipur,internship
948,Banker,Investment Banking Jobs,Banking,Hooli,Bangalore,internship
949,Senior Management,Investment Management Jobs,Investment,Pied Piper,Chennai,job
950,Development,Magneto developer Jobs,Development,FLY,Ahmedabad,internship
951,Development,Mail draft Jobs,Development,AliBaba,Vadodara,job
952,Junior Engineer,Mail exchange server Jobs,Service,Amazon,Nagpur,job
953,Junior Engineer,Main frame Jobs,Service,Google,Raipur,job
954,Tester,Main frame testing Jobs,testing,Hooli,Bangalore,internship
955,Server,Mainframe Jobs,Service,Pied Piper,Chennai,job
956,Development,Mainframe developer Jobs,Service,FLY,Ahmedabad,internship
957,Development,Mainframes Jobs,Service,AliBaba,Vadodara,job
960,Development,Maintain GL Jobs,Service,Amazon,Chandigarh,internship
961,Development,Maintaining Jobs,Maintenance,Google,Delhi,job
962,Development,Maintaining Office Records Jobs,Maintenance,Hooli,Mumbai,job
963,Maintainance,Maintenance Jobs,Maintenance,Pied Piper,Kolkata,internship
964,Maintainance,Maintenance Engineer Jobs,Maintenance,FLY,Banagalore,job
965,Maintainance,Maintenance Engineering Jobs,Maintenance,AliBaba,Hyderabad,job
966,Maintainance,Maintenance Of Refrigerators Jobs,Maintenance,Amazon,Mumbai,internship
968,MAIPU,MAIPU Jobs,Maintenance,Google,Kolkata,job
969,MUA,Makeup Artist Jobs,Artistic,Hooli,Banagalore,internship
970,Nursing,Male nurse Jobs,Nursing,Pied Piper,Hyderabad,job
971,Staff,Malyalam Jobs,Bilingual,FLY,Ahmedabad,internship
972,Staff,MAM Jobs,MAM,AliBaba,Chennai,job
973,Management,Manage Client Relationships Jobs,Management,Amazon,Rajkot,internship
976,Management,Manage Develop HR team Jobs,Management,Google,Bhopal,job
980,Management,Managed Events Nationally Jobs,Management,Hooli,Mumbai,job
981,Manager,Managed print services Jobs,Management,Microsoft,Ghaziabad,job
982,Manager,Managed security Jobs,Management,Infosys,Noida,internship
984,Manager,Managed Services Jobs,Management,AliBaba,Chandigarh,job
986,Manager,Management Jobs,Management,Amazon,Kanpur,internship
987,Manager,Management - Data Processing Jobs,Management,Flipkart,Lucknow,job
988,Manager,Management - Migrations/ Transitions Jobs,Management,Hooli,FAridabad,job
990,Manager,Management - Service Delivery Jobs,Management,Microsoft,Gwalior,job
991,Manager,Management Consultancy Jobs,Management,Microsoft,Nagpur,job
992,Manager,Management Information System Jobs,Management,Hooli,Raipur,job
994,Manager,Management maintainace computer operator Jobs,Management,Pied Piper,Bangalore,internship
996,Manager,Management trainee Jobs,Management,FLY,Chennai,job
997,Engineer,Managerm Engineering Jobs,Management,AliBaba,Ahmedabad,job
998,inspector,Managing HR Policies Jobs,Management,Amazon,Vadodara,internship
999,Staff,Managing staffs Jobs,Management,Google,Chandigarh,job
1003,Helpers,Manchester United Cafe Bar Jobs,Cafes,Hooli,Delhi,internship
1004,Helpers,Mandarin Jobs,Mandarin,Pied Piper,Mumbai,internship
1005,Database,Mango DB Jobs,Data,FLY,Kolkata,internship
1006,Development,Manual test Jobs,Data,AliBaba,Banagalore,job
1007,Tester,Manual Tester Jobs,Testing,Amazon,Hyderabad,internship
1008,Tester,Manual Testing Jobs,Testing,Google,Ahmedabad,job
1009,Managing director,Manufacturing Jobs,Manufacture,Hooli,Pune,job
1010,Executive,Manufacturing execution system Jobs,Manafacture,Pied Piper,Surat,job
1011,Executive,Map Making Jobs,Manafacture,FLY,Jaipur,internship
1012,Executive,Map Reduce Jobs,Maintenance,AliBaba,Indore,job
1013,Chief Executive,Marble Jobs,Maintenance,Amazon,Agra,internship
1014,Manager,Marcom - Management Jobs,Management,Google,Meerut,internship
1015,Development,Marinate Jobs,Marine,Hooli,Rajkot,job
1016,Development,Marine Engineering Jobs,Marine,Pied Piper,Bhopal,internship
1017,Development,Market Developer Jobs,Development,FLY,Mumbai,job
1018,Development,Market Development Jobs,Development,AliBaba,Ghaziabad,internship
1019,Market,Market optimization Jobs,Optimisation,Amazon,Noida,job
1020,Market,Market planning Jobs,Planning,Google,Chandigarh,job
1021,Market,Market Research Jobs,Reasearch,Hooli,Kanpur,job
1022,Manager,Market Research - Management Jobs,Management,Pied Piper,Lucknow,internship
1023,Market,Market Risk Jobs,Marketing,FLY,FAridabad,job
1024,Market,Marketing Jobs,Marketing,AliBaba,Gwalior,internship
1025,MArket,Marketing - Display Products Jobs,Marketing,Amazon,Nagpur,job
1026,Networking,Network Security Jobs,Security,Google,Raipur,job
1027,Networking,Network Security Engineer Jobs,Security,Hooli,Bangalore,job
1028,Networking,Network security vpn ssl Jobs,Security,Pied Piper,Chennai,job
1029,Networking,Network Security. Jobs,Security,FLY,Ahmedabad,job
1030,Networking,Network specialist Jobs,Speciality,AliBaba,Vadodara,internship
1031,Networking,Network Support Jobs,Support,Amazon,Nagpur,job
1032,Networking,Network System Jobs,System,Google,Raipur,job
1033,tester,Network Testing Jobs,Testing,Hooli,Bangalore,internship
1034,Networking,Networking Jobs,Network,Pied Piper,Chennai,job
1035,Administrator,Networking Administrator Jobs,Administration,FLY,Ahmedabad,job
1036,Networking,Networking Applications Jobs,Application,AliBaba,Vadodara,job
1037,Networking,Networking Products Jobs,Product,Amazon,Chandigarh,job
1040,Networking,Networking protocol Jobs,Product,Google,Delhi,job
1041,Networking,Neural Network Jobs,Network,Hooli,Mumbai,internship
1042,Specialist,Neurologist Jobs,Speciality,Pied Piper,Kolkata,job
1043,Speciality,neutron Jobs,Science,FLY,Banagalore,job
1044,Accountant,New Account Setup Jobs,Accountancy,AliBaba,Hyderabad,job
1046,Horizon,new horizon Jobs,Horizon,Amazon,Ahmedabad,job
1047,Proffered,new preffered Jobs,Preffered jobs,Google,Pune,internship
1049,Service,New Product Jobs,Product,Hooli,Surat,job
1050,Development,New Product Development Jobs,Product,Microsoft,Jaipur,internship
1051,Development,New Product Introduction Jobs,Product,Infosys,Indore,job
1053,Editors,News Editing Jobs,Editors,AliBaba,Agra,internship
1054,Staff,Newspaper Jobs,News,Amazon,Meerut,internship
1055,Staff,Nexus Jobs,Nexus,Flipkart,Rajkot,internship
1056,Staff,Nginx Jobs,Nginx,Hooli,Raipur,job
1057,Staff,Ngo Jobs,Ngo,Microsoft,Bangalore,internship
1059,Staff,NH-1 Kitchen Jobs,Kitchen skills,Microsoft,Chennai,job
1060,Staff,Nhibernate Jobs,Service,AliBaba,Ahmedabad,internship
1061,Staff,NIFT Jobs,fashional,Infosys,Vadodara,internship
1063,Staff,Night shift Jobs,All Nighters,Hooli,Nagpur,internship
1064,Staff,Night Shifts Jobs,Service,Pied Piper,Raipur,job
1066,Development,Operating room Jobs,Operational,FLY,Bangalore,internship
1067,Development,Operating Systems Jobs,Operational,AliBaba,Chennai,job
1068,Development,Operation Jobs,Operational,Amazon,Ahmedabad,internship
1069,Development,Operation & maintenance Jobs,Operational,Google,Vadodara,internship
1073,Development,Operation admin Jobs,Operational,Hooli,Chandigarh,job
1076,Development,operation administration Jobs,Operational,Pied Piper,Delhi,internship
1077,Executives,Operation Executive Jobs,Operational,FLY,Mumbai,job
1078,Head officers,Operation Head Jobs,Operational,AliBaba,Kolkata,job
1079,Managers,OPERATION MANAGER Jobs,Operational,Amazon,Banagalore,job
1080,Speciality,Operation specialist Jobs,Specialist,Google,Hyderabad,internship
1081,Suprevisor,Operation supervisor Jobs,Supervising,Hooli,Ahmedabad,job
1082,Helpers,Operational safety Jobs,Operational,Pied Piper,Delhi,job
1083,Suprevisor,Operations Jobs,operational,FLY,Mumbai,job
1084,Supervisors,Operations control center Jobs,Operational,AliBaba,Kolkata,job
1085,Operational,Operations Direction Jobs,Operational,Amazon,Banagalore,job
1086,Executives,Operations Executive Jobs,Operational,Google,Hyderabad,internship
1087,Managers,Operations Management Jobs,Management,Hooli,Ahmedabad,job
1088,Mechanics,Operations Mechanic Chief Engineer Jobs,Executions,Pied Piper,Pune,job
1089,Senior Officers,Operations Officer Jobs,Operational,FLY,Surat,job
1090,Senior Officers,Operations support Jobs,Support,AliBaba,Jaipur,internship
1091,Operators,Operator Jobs,operational,Amazon,Indore,job
1092,Operators,Opps concept Jobs,Conceptual,Google,Agra,job
1093,Manager,Ops Manager Jobs,Management,Hooli,Meerut,internship
1094,Specialist,Opthalmologist Jobs,Speciality,Pied Piper,Rajkot,job
1095,Specialist,Optimax Jobs,Speciality,FLY,Bhopal,job
1096,Senior Executives,Optimisation Jobs,Optimisation,AliBaba,Mumbai,job
1097,Junior executives,optimisation RF Jobs,Optimisation,Amazon,Ghaziabad,internship
1099,Junior Engineer,Optimization Jobs,Optimisation,Google,Noida,internship
1100,Junior Engineer,Optometrist Jobs,Speciality,Hooli,Chandigarh,job
1101,Junior Engineer,Oracle Jobs,Oracle,Pied Piper,Kanpur,job
1103,Junior Engineer,Oracle 11i Jobs,Oracle,FLY,Lucknow,internship
1104,Junior Engineer,oracle 12 Jobs,Oracle,AliBaba,FAridabad,job
1105,Junior Engineer,Oracle Access Manager Jobs,Oracle,Amazon,Ahmedabad,job
1111,Junior Engineer,Oracle ADF Jobs,Oracle,Google,Vadodara,job
1112,Junior executives,Oracle admin Jobs,Oracle,Hooli,Chandigarh,job
1113,Administrator,Oracle administrator Jobs,Oracle,Pied Piper,Delhi,job
