jobID,title,post,tag,company,place,job/internship
1,Executive,Tender Executive for Electronics Company,Electronics,Hooli,Agra,job
2,Managers,Tendering Manager,Managements,Pied Piper,Meerut,job
3,bids,cleaning work of office premises,Service,FLY,Rajkot,internship
4,supply,"Developing,Upgrading & Maintaining Website of Publication Division",Service,Ali Baba,Bhopal,job
5,supply,"Transportation,Packing,Forwarding,Despatch, of copies of weekly Employment News and Rojgar Samachar",UserServices,Amazon,Mumbai,job
6,bids,"Annual Maintenance contract of computer, printers, upss,lan and other items",UserServices,Google,Ghaziabad,job
7,supply,Outsourcing of services of Data Entry Operators in Employment News on contract basis regarding,Data,Hooli,Noida,internship
8,bids,Cleaning & Maintenance of the Office of Employment News,UserServices,Pied Piper,Chandigarh,job
9,supply,Supply of Newsprint Paper,UserServices,FLY,Kanpur,job
10,supply,for Outsorurcing of services of Data Entry Operators and Secretarial Assistants in Publication Division (DPD) on contract basis,Data,Ali Baba,Lucknow,job
11,supply,"unloading,stacking,loading and transportation of newsprint.",UserServices,Amazon,Faisalabad,internship
12,bids,Transport,UserServices,Google,Gwalior,job
13,bids,Supply of computers & related items,UserServices,Hooli,Nagpur,internship
14,supplies,Cleaning & Maintenance,UserServices,Pied Piper,Raipur,job
15,bids,"Maintenance of Air-Conditioners(Split,Windows,etc) & Voltage Stabilizers",UserServices,FLY,Bangalore,job
16,bids,Engagement of Data Entry Operators (General) & Data Entry Operators (Accounts) through outsourcing.,Data,Ali Baba,Chennai,job
17,supplies,Supply of Newsprint Paper.,UserServices,Amazon,Ahmadabad,internship
18,bids,Printing Of Employment News.,UserServices,Google,Vadodara,internship
19,bids,Binding Books and Records.,UserServices,Hooli,Nagpur,job
20,bids,"Washing, Dry cleaning of Towers, Curtains, etc.",UserServices,Pied Piper,Raipur,job
21,bids,"AMC of computers, etc. in Hrs.",UserServices,FLY,Bangalore,internship
22,bids,Railway Signaling & Telecommunications Engineer,Railway,Ali Baba,Chennai,job
23,bids,Senior Design Engineer For Railways/metro Project,Railway,Amazon,Vadodara,job
24,bids,Supply Of Agency Resources.,Agents,Google,Chandigarh,job
25,supply,petty repairs of em works to hairgrip line seawater line old mpg and new mpg line under age em of GE west Delhi cant 10,UserServices,Hooli,Delhi,job
26,supply,bids are invited for um cartridge / consumable total quantity : 80,UserServices,Pied Piper,Mumbai,job
27,supply,bids are invited for filtering half mask-air pollution mask total quantity : 8000,UserServices,FLY,Katakana,job
28,supply,selection of asset valuer in the context of strategic disinvestment of project & development India limited (pail).,UserServices,Ali Baba,Bangalore,job
29,bids,supply and installation of web application server and database server,UserServices,Amazon,Hyderabad,internship
30,bids,bids are invited for cleaning & sanitation and disinfection service total quantity : none,UserServices,Google,Ahmadabad,job
31,supply,bids are invited for technical manpower outsourcing service total quantity : none,UserServices,Hooli,Rune,internship
32,supply,"supply of , id antigen profile 3, cat no.8701v pack size- 1x12 cards / pack, diacritical elation kit containing buffer, acid,f balance pack size per pack",UserServices,Pied Piper,Surat,internship
33,supply,bids are invited for filtering half mask-air pollution mask total quantity : 5000,UserServices,FLY,Jaipur,internship
34,supply,bids are invited for medical protective coverall suit -disposable total quantity : 4700,UserServices,Ali Baba,Indore,job
35,bids,supply fabrication and installation of sound proof hoardings,UserServices,Amazon,Agra,internship
36,supply,construction of cg stations,UserServices,Google,Meerut,job
37,supply,hiring of tips service,Service,Hooli,Rajkot,job
38,bids,laying of 3lpe coated carbon steel pipelines,UserServices,Pied Piper,Vadodara,job
39,supply,tender documents for procurement of raw material for Mandalay ( feral ) unit as per file attached,UserServices,FLY,Nagpur,internship
40,bids,bids are invited for infrared medical thermometer for measuring body temperature total quantity : 10,UserServices,Ali Baba,Raipur,job
41,supply,annual rate for seed packing materials 2020-21 as per file attached,UserServices,Amazon,Bangalore,internship
42,supply,annual rate for seed packing materials 2020-21 as per file attached,UserServices,Google,Chennai,job
43,supply,rate contract for supply of d water & coolant additives.,UserServices,Hooli,Ahmadabad,job
44,bids,invited for web application firewall total quantity : 1,UserServices,Pied Piper,Vadodara,job
45,bids,bids are invited for digital signature certificate total quantity : 250,UserServices,FLY,Chandigarh,job
46,supplies,annual maintenance and repair and development work of MD office.,Service,Ali Baba,Delhi,internship
47,bids,annual maintenance and repair of residential colony.,Service,Amazon,Mumbai,job
48,bids,bids are invited for tractors total quantity : 1,Service,Google,Kolkata,internship
49,supplies,repair replacement of joinery and certain BR items etc arc area at GE west barely,UserServices,Hooli,Bangalore,job
50,bids,improvement of guard posts at ads Kanpur,UserServices,Microsoft,Hyderabad,job
51,bids,bids are invited for led ruminate ( recessed ruminate ) total quantity : 40,Service,Infosys,Ahmedabad,job
52,bids,bids are invited for supply of toothpaste total quantity : 150,Service,Ali Baba,Delhi,job
53,bids,refilling of fire extinguisher at different substations under ETD ram,Service,Amazon,Mumbai,internship
54,bids,diesel vehicle diesel vehicle for i eds-v,UserServices,Flipkart,Kolkata,internship
55,bids,diesel vehicle diesel vehicle for sod-phoolpur,UserServices,Hooli,Bangalore,job
56,supply,supply of sf-6 gas filled cylinders for 132 kc substations under ETD bighorn,UserServices,Microsoft,Hyderabad,internship
57,bids,transport work for wheat purchase 2020-21 for center sadness Kalahari samizdat ltd . Uruguayan district hairdo,UserServices,Microsoft,Ahmedabad,job
58,supply,annual maintenance of various 132kv lines under teds Andalusian/ETD Alhambra,UserServices,Ali Baba,Indore,job
59,bids,"supply of , each tab / cap contains Condillac 5 mg packed in PVC / silver foil strip / bottle",UserServices,Infosys,Agra,job
60,supply,bids are invited for toothbrush total quantity : 150,UserServices,Google,Meerut,job
61,supply,"engagement of 01 no diesel vehicle (equivalent SUV) along with driver for the period of 08 months for chief engineer(est), Paraguayan.",UserServices,FLY,Rajkot,internship
62,bids,maiming and operation of em installation at cod checkbook,UserServices,FLY,Mumbai,job
63,supply,bids are invited for gowns operating total quantity : 200,UserServices,Amazon,Ghaziabad,job
64,bids,bids are invited for plastic buckets total quantity : 150,UserServices,Google,Noida,job
65,supply,bids are invited for health care security service total quantity : none,UserServices,Lalit,Agra,job
66,supply,construction of tsp 3 . 00 ml at Cruikshank town,UserServices,Pied Piper,Meerut,internship
67,supply,construction of tsp 2 . 00 ml at Mariana town,UserServices,FLY,Rajkot,job
68,bids,supply of potassium binding resins (k bind)/ 15gm sachet,UserServices,Ali Baba,Bhopal,job
69,bids,"supply of , ultramodern injection /50 mg / ml in 1 ml ampoule",Service,Amazon,Mumbai,job
70,supplies,tender for hiring of vehicles with valid permit for commercial use in fervour SSA,UserServices,Google,Ghaziabad,job
71,bids,"supply of , face shield, other specification as per annexe-a attached",UserServices,DPS,Noida,internship
72,bids,supply of labour for source segregation at secondary points MC ziggurat,UserServices,Pied Piper,Chandigarh,job
73,supplies,supplying and laying of organic water converter machine on dumping ground MC ziggurat,UserServices,Hooli,Delhi,internship
74,bids,insulation of GI pipes with nitrite rubber sheet of size 1.2 m * 8 m and 25 mm thickness on terrace of Purana premium apartments,UserServices,Pied Piper,Lucknow,job
75,bids,job order soil testing for prov of 3esh ( 450mt ) for 1 . 3unhd under GE ( e ) fr,UserServices,Microsoft,Faisalabad,internship
76,bids,annual maintenance of dumping ground MC ziggurat,UserServices,Ali Baba,Gwalior,internship
77,bids,supply of public health chemicals in mc Nagpur,UserServices,Amazon,Nagpur,internship
78,bids,supply of fogging machine mc Nagpur,UserServices,Google,Raipur,job
79,bids,"r/c estimate for const . of boundary wall , composit pit , chonki dar room etc at village peer muchhalla mc Nagpur",UserServices,sbi,Bangalore,job
80,bids,r/c estimate for construction . of collection at secondary point at grid village phabat mc Nagpur,UserServices,Pied Piper,Chennai,internship
81,supply,job order construction of residential accommodation and office accn and offrs trasit facality asr,UserServices,FLY,Ahmedabad,internship
82,supply,job order soil testing for provn of otm accn for ge ( w ) fzr,UserServices,Ali Baba,Vadodara,internship
83,bids,job order soil testing for office accn of lao and dpdo at amristar,UserServices,Lalit,Nagpur,job
84,supply,erection of 200 volt 300 ah battery set.,Service,Google,Raipur,internship
85,bids,erection of 220 volt 300 ah battery set.,Service,HCL,Bangalore,job
86,supply,erection of 220kv volt 300 ah battery set.,Service,Pied Piper,Chennai,internship
87,supply,"erection of isolator, le switch, line control current transformer, bus bar structure, dismantling of busbar structure etc.",Service,FLY,Vadodara,internship
88,supply,to supply of spares beml spares,Service,CT hospital,Chandigarh,job
89,bids,"supply of , fluticasone propionate aq. nasal spray",Service,CT hospital,Delhi,internship
90,bids,"supply of , teneligliptin 20mg + metformin 1000mg tab",UserServices,CT hospital,Mumbai,job
91,supplies,"supply of , tinidazole 200mg /400ml i.v. infusion",UserServices,CT hospital,Kolkata,job
92,bids,combined hot and cold rolling mill,UserServices,Pied Piper,Bangalore,job
93,bids,cyclosporin 0.1% eye drops,UserServices,Hooli,Hyderabad,internship
94,supplies,tolteridone 2mg tab,UserServices,Pied Piper,Ahmedabad,job
95,bids,duphastan 10mg tab,UserServices,FLY,Rune,job
96,bids,amisulpiride 100mg tab,UserServices,Ali Baba,Surat,job
97,bids,citicoline 500mg tab,UserServices,Amazon,Jaipur,job
98,bids,"supply of metallurgical microscope with camera, image analyzer & metallurgical software",UserServices,Google,Indore,job
99,bids,resistivity meter,UserServices,Hooli,Agra,internship
100,bids,tacrolimus 0.25mg tab,UserServices,Pied Piper,Meerut,job
101,bids,laser power sensor & helium-neon laser system,UserServices,FLY,Rajkot,job
102,supply,high energy planetary ball mill”,UserServices,Ali Baba,Vadodara,job
103,supply,temperature test chamber,UserServices,Amazon,Nagpur,internship
104,supply,dual independent touch screen syringe pump,UserServices,Google,Raipur,job
105,bids,bids are invited for cab and taxi hiring service total quantity : none,UserServices,Hooli,Bangalore,job
106,bids,extension of switch house building at 66kv sub station,Service,Pied Piper,Chennai,internship
107,bids,Extension of switch house building at 66 kv sub station,Service,FLY,Ahmedabad,job
108,supply,local purchase of potato fresh and onion dry potato fresh and onion dry,Service,Ali Baba,Vadodara,job
109,supply,ostelmavir 75 mg tab,UserServices,Amazon,Chandigarh,job
110,supply,face shield as per attached specification or similar,UserServices,Google,Delhi,internship
111,supply,ritonavir 50 mg + lopinavir 200 mg tab,UserServices,Hooli,Mumbai,internship
112,bids,dead body bag with zip close. specification as per p.o. attached.,UserServices,Pied Piper,Kolkata,job
113,supply,dapagliflozin 5mg,UserServices,FLY,Bangalore,job
114,supply,(ph no.:43002) atorvastatin 20 mg tab,UserServices,Ali Baba,Hyderabad,internship
115,bids,bids are invited for lead acid battery total quantity : 214,UserServices,Amazon,Ahmedabad,job
116,supply,moxonidine 0.3mg tablet strip of 10,UserServices,Google,Delhi,job
117,bids,tab.asprin /150 mg enteric coated,UserServices,Hooli,Mumbai,job
118,bids,bids are invited for security manpower service total quantity : none,UserServices,Pied Piper,Kolkata,job
119,supply,ht cable preparation tool for the ht lt system of njhps jhakri,UserServices,FLY,Bangalore,job
120,supply,supply of automatic triaxial testing system,UserServices,Ali Baba,Hyderabad,internship
121,bids,restoration of rain damages on sakb road in k m 0 0 to 80 400 sh c o breast wall and m t in k m 72 590 to 72 740,UserServices,Amazon,Ahmedabad,job
122,supply,bids are invited for healthcare security service total quantity : none,UserServices,Google,Indore,internship
123,bids,bids are invited for lever arch file total quantity : 150,UserServices,Hooli,Agra,job
124,supply,bids are invited for sluice valves total quantity : 3,UserServices,Pied Piper,Meerut,internship
125,supply,supply of fish seed,UserServices,FLY,Rajkot,internship
126,supply,"pcc poles, transformer oil, gss wires, g.o. switches, isolators, third party inspection",UserServices,Ali Baba,Mumbai,internship
127,bids,bids are invited for milk powder total quantity : 2100,UserServices,Amazon,Ghaziabad,job
128,bids,bids are invited for string or twine-jute total quantity : 9000,UserServices,Google,Noida,internship
129,supplies,"job 4 construction of 4 nos class room govt . sr . sec . school , behdala , tehsil and distt . una h . p deposit work",UserServices,Hooli,Agra,job
130,bids,bids are invited for plain weave cotton fabrics-leopard packing cloth total quantity : 4000,UserServices,Pied Piper,Meerut,job
131,bids,"supply & installation of new smf vrla batteries at aai, shimla-airport",UserServices,FLY,Rajkot,job
132,supplies,supply of fire retardant- overall/ dangri for cisf (fire) unit,UserServices,Ali Baba,Bhopal,internship
133,bids,bids are invited for sealing wax total quantity : 10000,UserServices,Amazon,Mumbai,job
134,bids,auction sale of immovable property,Service,Google,Ghaziabad,internship
135,bids,providing and laying of high performance concrete inscoured glassis block-corrigendum.,Service,Hooli,Noida,job
136,bids,purchase of stores-miscellaneous goods,UserServices,Pied Piper,Chandigarh,job
137,bids,bids are invited for semi automated urine analyser total quantity : 1,UserServices,FLY,Kanpur,internship
138,bids,hiring of supervisory staff and research assistant on outsourcing basis,UserServices,Ali Baba,Lucknow,job
139,bids,hiring of support services for hydrological observations on various rivers in himachal pradesh,UserServices,Amazon,Faisalabad,job
140,supply,hiring of support services for hydrological observations,Service,Google,Gwalior,job
141,supply,cooked diet services cooked diet services for zonal hospital dharamshala,Service,Hooli,Nagpur,job
142,supply,repair of faulty smps repair of faulty smps in mandi ba mandi and kullu ssa,Service,Microsoft,Raipur,internship
143,supply,spl repair to block no p-29 ( 1 to 08 ) snow view line at palampur mil stn,Service,Infosys,Bangalore,job
144,bids,spl repair to existing centralized medical gas sys in icu yol cantt,Service,Ali Baba,Chennai,internship
145,bids,prov lis to hl from changawati khad to gp kalbog nagan and ramnagar in tehsil kotkhai distt shimla hp phase 9th,Service,Amazon,Ahmedabad,job
146,supply,bids are invited for semi automated coagulation analyser total quantity : 1,Service,Flipkart,Vadodara,job
147,supply,"procurement of uvvisible double beam spectrophotometer for ntpc mouda , double beam uv-visible spectrophotometer",Service,Hooli,Nagpur,job
148,supply,bids are invited for human resource outsourcing service total quantity : none,Service,Microsoft,Raipur,job
149,supply,"supply of , rubber hand gloves standard size having good quality materail",UserServices,Microsoft,Bangalore,internship
150,bids,"bids are invited for stapler pin , desktop calculator-electronics , glue stick total quantity : 6050",UserServices,Ali Baba,Chennai,internship
151,supply,supply and installation of air compressor.,UserServices,Infosys,Vadodara,job
152,supply,expression of interest (eoi) for to identify solution provider for energy trading and risk management” software.,UserServices,Google,Chandigarh,internship
153,bids,"supply of , hand operated pvc spray pump capacity 16 ltr.",UserServices,FLY,Delhi,job
154,supply,"supply, installation & commissioning of new fire detection (alarm) and suppression system for well logging services campus on lstk basis.",UserServices,FLY,Mumbai,job
155,bids,hiring of vehicle in rajkot business area hiring of vehicle in rajkot ba,Service,Amazon,Kolkata,job
156,bids,bids are invited for box file total quantity : 5000,Service,Google,Bangalore,internship
157,supply,"bids are invited for video conferencing end point , television tv total quantity : 21",Service,Lalit,Hyderabad,job
158,supply,bids are invited for oem cartridge/ consumable ( pac only ) total quantity : 25,Service,Pied Piper,Ahmedabad,internship
159,bids,bids are invited for add on softwares-lisences and accessories for pabx system total quantity : 10,Service,FLY,Rune,internship
160,supply,"supply of , sthethoscope (additional demand for isolation ward in hospital use urgent for covid 19, stethoscope",UserServices,Ali Baba,Surat,internship
161,bids,enrollment of rice millers and e-auction for supply of par-boiled rice.,UserServices,Amazon,Jaipur,internship
162,supply,supply of printing items-corrigendum.,UserServices,Google,Indore,job
163,supply,erection and maintenance of ht/lt line and tc under dhanpur sub division.,UserServices,DPS,Agra,internship
164,supply,erection and maintenance of ht/lt line and tc under d’baria sub division.,Service,Pied Piper,Meerut,job
165,bids,purchase of rain coat as per ugvcl’s specifications,Service,Hooli,Rajkot,internship
166,bids,"supply of farm labour during three season current year 2020-2021 at walmi farm, walmi campus, anand.",UserServices,Pied Piper,Vadodara,internship
167,supplies,labour work for replacement and aug/de-augmentation of transformer under barwala sdn.,UserServices,Microsoft,Nagpur,job
168,bids,"providing sanitation and cleaning services for various premises of walmi campus, anand. (for hostel, farmers hostel and farm zone-i area) (no.b)",UserServices,Ali Baba,Raipur,internship
169,bids,"supply, erection, testing and commissioning of underground cable (xlpe cable) with cable end termination & straight through jointing kit-extension.",UserServices,Amazon,Bangalore,job
170,supplies,"erection, testing and commissioning of underground cable (xlpe cable) with cable end termination & straight through jointing kit-extension.",UserServices,Google,Chennai,job
171,bids,tender for electrical maintenance work-extension.,Service,sbi,Ahmedabad,internship
172,bids,work for providing frp fencing around distribution transformer at various location of kevadiya s/d.,Service,Pied Piper,Vadodara,job
173,bids,work for erection work of ht/lt lines & tc & maintenance work of 11/22 kv feeders.,Service,FLY,Chandigarh,job
174,bids,providing frp fencing around distribution transformer.,UserServices,Ali Baba,Delhi,internship
175,bids,hiring of closed body diesel driven maxi passing (8+1) sitter jeep.,UserServices,Lalit,Mumbai,job
176,bids,"providing/replacement of meter, mmb & service wire & pole numbering-extension.",UserServices,Google,Kolkata,job
177,bids,work for laying & testing & commissioning of 11/22 kv underground xple cable for various scheme.,UserServices,HCL,Bangalore,job
178,supply,hiring of diesel driven close body vehicle.,UserServices,Pied Piper,Hyderabad,job
179,supply,fabrication of inspection window in hnc pump set suction band.,UserServices,FLY,Ahmedabad,internship
180,supply,"to supply and fitting of 400mm dia c.i pipe at zambua aps, for sewage d.works",UserServices,CT hospital,Delhi,job
181,supply,"to rewinding and reparing of starter no.1 40 hp ats at kalupura aps-6, sewage d.works.",Service,CT hospital,Mumbai,internship
182,bids,rewinding of 60 hp temp. sub. pump set of gotri aps.,Service,CT hospital,Kolkata,job
183,bids,"supply of , face shield",UserServices,CT hospital,Bangalore,job
184,supply,hiring of vehicle.,Service,Pied Piper,Hyderabad,job
185,supply,pipe line work.,Service,Hooli,Ahmedabad,internship
186,supply,renovation work of head works office.,Service,Pied Piper,Indore,job
187,supply,pipe line work for water supply scheme work.,Service,FLY,Agra,job
188,bids,pipe line work for water supply scheme work.,Service,Ali Baba,Meerut,job
189,supply,constructing of section office and compound wall,Service,Amazon,Rajkot,job
190,supply,"invited for pliers,pincers and nippers total quantity : 1359",Service,Google,Mumbai,internship
191,bids,slab drain remaining work.,Service,Hooli,Ghaziabad,job
192,supply,invited for healthcare security service total quantity : none,Service,Pied Piper,Noida,internship
193,bids,housekeeping services contract at chandigarh do,Service,FLY,Agra,job
194,bids,invited for cab and taxi hiring service total quantity : none,Service,Ali Baba,Meerut,job
195,supply,invited for cab and taxi hiring service total quantity : none,Service,Amazon,Rajkot,job
196,supply,"invited for technical manpower service , technical manpower service total quantity : none",Service,Google,Bhopal,job
197,bids,invited for laboratory reagent kits total quantity : 1100,Service,Hooli,Mumbai,internship
198,supply,invited for laboratory reagent kits total quantity : 500,Service,Pied Piper,Ghaziabad,internship
199,bids,invited for laboratory reagent kits total quantity : 500,Service,FLY,Noida,job
200,supply,invited for laboratory reagent kits total quantity : 3000,Service,Ali Baba,Chandigarh,job
201,supply,outsourcing of horticulture maintenance work.,Service,Amazon,Kanpur,internship
202,supply,hiring of tractor trolley and front loader/excavator cum loader.,Service,Google,Lucknow,job
203,bids,enquiry for drilling accessories,Service,Hooli,Faisalabad,internship
204,bids,bids are invited for online ups 10 kva for critical infrastructures total quantity : 4,Service,Pied Piper,Gwalior,job
205,supplies,bids are invited for glossy photo paper total quantity : 60000,Service,FLY,Nagpur,job
206,bids,bids are invited for disposable syringes total quantity : 300000,Service,Ali Baba,Raipur,job
207,bids,bids are invited for disposable syringes total quantity : 300000,Service,Amazon,Bangalore,job
208,supplies,recarpeting of approach road and parking in mla hostel sector 3 and sector 4 chandigarh,Service,Google,Chennai,job
209,bids,bids are invited for almirah steel total quantity : 12,Service,Hooli,Ahmedabad,internship
210,bids,bids are invited for revolving chair total quantity : 10,Service,Pied Piper,Vadodara,job
211,bids,bids are invited for almirah steel total quantity : 11,Service,FLY,Nagpur,job
212,bids,bids are invited for wooden almirah total quantity : 30,Service,Ali Baba,Raipur,internship
213,bids,bids are invited for executive computer table total quantity : 10,Service,Amazon,Bangalore,job
214,bids,invited for sofas total quantity : 3,Service,Google,Chennai,job
215,bids,invited for chairs-office total quantity : 20,Service,Hooli,Vadodara,job
216,supply,bids are invited for unplasticized pvc pipes for potable water supplies total quantity : 2500,Service,Pied Piper,Chandigarh,internship
217,supply,invited for human resource outsourcing service total quantity : none,Service,FLY,Delhi,job
218,supply,bids are invited for lead acid battery total quantity : 110,Service,Ali Baba,Mumbai,internship
219,supply,e-auction sale of wheat,Service,Amazon,Kolkata,job
220,bids,"supply of rapid anti body based blood test kit, n-95 mask, ppe kit, surgical gloves and triple layer mask.",UserServices,Google,Bangalore,job
221,bids,"installation, testing, commissioning & maintenance of on grid 158 kwp rooftop solar photo voltaic power plant",UserServices,Hooli,Hyderabad,job
222,supply,providing and laying of 100mm ductile iron pipe line for balance left out portion of madrasi colony maloya chandigarh,UserServices,Pied Piper,Ahmedabad,job
223,supply,invited for medical and surgical adherent tapes for general use or surgical tapes total quantity : 30000,Service,FLY,Rune,job
224,supply,invited for human resource outsourcing service total quantity : none,Service,Ali Baba,Surat,internship
225,supply,operation and comprehensive maintenance of electromechanical services at te bldg. sector 53 mohali - corrigendum,Service,Amazon,Jaipur,job
226,bids,bids are invited for cab and taxi hiring service - short term total quantity : none,Service,Google,Indore,internship
227,supply,bids are invited for field dress ( jacket and trouser ) - iaf specification total quantity : 50,Service,Hooli,Agra,job
228,supply,invited for hdpe tarpaulins in square mtrs total quantity : 3000,Service,Pied Piper,Meerut,internship
229,bids,invited for common and special proofed tarpaulins total quantity : 20,Service,FLY,Rajkot,internship
231,supply,invited for automatic line voltage corrector or step type auto transformer total quantity : 5,Service,Ali Baba,Vadodara,internship
232,bids,bids are invited for automatic line voltage corrector or step type auto transformer total quantity : 5,Service,Amazon,Nagpur,internship
233,bids,invited for power cable for direct burial xlpe ugac cable total quantity : 1050,Service,Google,Raipur,job
234,supply,invited for power cable for direct burial xlpe ugac cable total quantity : 700,Service,Hooli,Bangalore,job
235,supply,invited for echo cardiography scanning machine total quantity : 1,Service,Microsoft,Chennai,internship
236,bids,"supply of triple layered masks , covid-19 , triple layer mask",UserServices,Infosys,Ahmedabad,job
237,supply,"n-95 masks ( pk-ii ) supply of n-95 masks , covid-19 , n-95 mask",UserServices,Ali Baba,Vadodara,internship
238,bids,bids are invited for supply of handloom cotton gauze total quantity : 23000,Service,Amazon,Chandigarh,job
239,supply,external painting for the office building of margao municipal council,Service,Flipkart,Delhi,internship
240,supply,providing and laying full grout to the existing road from shirodkar house to main road at housing board in ward no. 24 of margao municipal council,Service,Hooli,Mumbai,job
241,supply,"reconstruction of the existing drain near borkar super store at vidyanagar, gogol in ward no. 23 within the jurisdiction of margao municipal council",Service,Microsoft,Kolkata,job
242,bids,providing fullgrout behind aashiyana building at gogal in ward no. 23 within the jurisdiction of margao municipal council.,Service,Microsoft,Bangalore,job
243,bids,construction of drain and providing and laying full grout near gabrial house to sunworld sports in malbhat in ward no. 17 of margao municipal council.,Service,Ali Baba,Hyderabad,internship
244,supplies,construction of retaining wall near house of jasmin coutinho in municipal property at pedda in ward no. 15 of margao municipal council.,Service,Infosys,Ahmedabad,job
245,bids,construction of drain near sangam hotel at malbhat in ward no. 14 within the jurisdiction of margao municipal council.,Service,Google,Delhi,internship
246,bids,reconstruction of the existing drain near karlito building at pedda in ward no. 13 within the jurisdiction of margao municipal council.,Service,FLY,Mumbai,job
247,supplies,tender for extension of dry sorting station in the panjim municipal market.,Service,FLY,Kolkata,job
248,bids,"tender for construction of shed for sorting station in ward no. 30 at ribandar, panaji-goa.",Service,Amazon,Bangalore,job
249,bids,supply of equipments under supplies & material -fire proximity suit,Service,Google,Hyderabad,internship
250,bids,supply of equipments under supplies & material - chemical protective suit type 3,UserServices,Lalit,Ahmedabad,job
251,bids,supply of equipments under supplies & material - pyrolene suits with neoprene gloves,UserServices,Pied Piper,Indore,internship
252,bids,equipments under supplies & material - chemical protective suit level ‘a’,UserServices,FLY,Agra,job
253,bids,fire fighting & life saving equipment under machinery & equipment - dewatering pump.,UserServices,Ali Baba,Meerut,job
254,bids,"invited for workstation, desktop computers total quantity : 7",UserServices,Amazon,Rajkot,job
255,supply,invited for laptop-notebook total quantity : 6,Service,Google,Mumbai,internship
256,supply,invited for dslr/ compact / handheld camcorder or video cameras total quantity : 1,Service,DPS,Ghaziabad,job
257,supply,invited for security manpower service total quantity : none,Service,Pied Piper,Noida,job
258,supply,invited for human resource outsourcing service total quantity : none,Service,Hooli,Chandigarh,internship
259,bids,"tailing dam construction of final phase works of tailing dam project at ucil , tummalapalle , andhra pradesh .",Service,Pied Piper,Gwalior,job
260,bids,invited for emergency recovery trolley total quantity : 32,Service,Microsoft,Nagpur,internship
261,supply,procurement of fully automated blood chemistry analyzer.,Service,Ali Baba,Raipur,internship
262,supply,tender for procurement of high end colour doppler ultrasound machine bokaro steel plant,Service,Amazon,Bangalore,job
263,supply,"refilling and maintenance of fire extinguishers in turamdih group of mines , ucil",Service,Google,Chennai,job
264,supply,supply of medical equipment.,UserServices,sbi,Ahmedabad,internship
265,bids,supply of blood chemistry analyzer,UserServices,Pied Piper,Vadodara,internship
266,supply,"supply of , febric cloth ( sky blue colour) for making hospital uniform ( pyjama - kurta),",Service,FLY,Chandigarh,internship
267,supply,bleaching powder for supply of stable bleaching powder for uranium corporation of india ltd . ( ucil ),Service,Ali Baba,Delhi,job
268,bids,invited for sodium hypochlorite or sodium hypochlorite solution total quantity : 140,Service,Lalit,Delhi,internship
269,supply,invited for hand cleaner soap total quantity : 5840,Service,Google,Mumbai,job
270,bids,supply of material for different hospital.,UserServices,HCL,Kolkata,internship
271,bids,resource facility management ( rfm ) services at ktps,Service,Pied Piper,Bangalore,internship
272,supply,invited for power sprayer total quantity : 1,Service,FLY,Hyderabad,internship
273,supply,invited for filtering half mask-air pollution mask total quantity : 900,Service,CT hospital,Ahmedabad,job
274,bids,invited for alcohol based hand rub/hand sanitizer total quantity : 480,Service,CT hospital,Chennai,job
275,supply,supply of assembly of 28 no da followed by positioning on test rig as pe,UserServices,CT hospital,Ahmedabad,job
276,bids,"invited for surgical gloves , disposable surgical rubber gloves - prepowdered total quantity : 900",Service,CT hospital,Vadodara,internship
277,supply,"supply of , infrared thermometer (for medical use)as per drg-nil specification- nil",UserServices,Pied Piper,Nagpur,job
278,supply,annual maintenance contract foe packaged type air conditioners units of different capacity installed,Service,Hooli,Raipur,job
279,supply,annual maintenance contract of chapati making machine for one year,Service,Pied Piper,Bangalore,job
280,bids, invited for hospital biohazard bags or bio medical waste collection bags total quantity : 100,Service,FLY,Chennai,job
281,bids,invited for hospital biohazard bags or bio medical waste collection bags total quantity : 100,Service,Ali Baba,Ahmedabad,job
282,supplies,invited for desktop computers total quantity : 1,Service,Amazon,Vadodara,internship
283,bids,invited for hospital biohazard bags or bio medical waste collection bags total quantity : 100,Service,Google,Delhi,job
284,bids,"supply of stationary and other items (carbon, paper pin, adhesive, short hand note book, stamp pad etc.).",UserServices,Hooli,Mumbai,job
285,supplies,bids are invited for infrared medical thermometer for measuring body temperature total quantity : 3,Service,Pied Piper,Kolkata,internship
286,bids,bids are invited for toilet cleaners liquid total quantity : 1991,Service,FLY,Bangalore,job
287,bids,bids are invited for bleaching powder stable total quantity : 1848,Service,Ali Baba,Hyderabad,job
288,bids,bids are invited for toilet brush total quantity : 594,Service,Amazon,Ahmedabad,internship
289,bids,bids are invited for antiseptic/antimicrobial hand wash total quantity : 1298,Service,Google,Rune,job
290,bids,bids are invited for squeeges or washers- wipers-mopper total quantity : 286,Service,Hooli,Jaipur,job
291,bids,bids are invited for cleaning duster total quantity : 2376,Service,Pied Piper,Indore,job
292,bids,bids are invited for floor cleaners total quantity : 1078,Service,FLY,Agra,internship
293,supply,invited for detergent surfactant powder total quantity : 1265,Service,Ali Baba,Meerut,internship
294,supply,invited for detergent surfactant powder total quantity : 1265,Service,Amazon,Bangalore,job
295,supply,invited for detergent surfactant powder total quantity : 1265,Service,Google,Chennai,job
296,supply,"invited for brooms , brooms total quantity : 3498",Service,Hooli,Vadodara,job
297,bids,invited for phenyl total quantity : 1683,Service,Pied Piper,Nagpur,job
298,bids,invited for cobweb brush total quantity : 649,Service,FLY,Raipur,job
299,supply,"supply of , examination gloves (latex) 100 pc per packet.",UserServices,Ali Baba,Chennai,internship
300,supply,surgical gowns (green),UserServices,Amazon,Ahmedabad,job
301,supply,nitrile gloves (size no. 7),UserServices,Google,Vadodara,job
302,supply,"supply of , n 95 mask",UserServices,Hooli,Chandigarh,internship
303,bids,cyphenothrin 5% ec (gokilaht-s 5 ec),UserServices,Pied Piper,Delhi,job
304,supply,surgical mask.,UserServices,FLY,Mumbai,internship
305,supply,surgical head cap.,UserServices,Ali Baba,Kolkata,internship
306,bids,fixed bed tubular micro-reactor,UserServices,Amazon,Bangalore,job
307,supply,supply of syngas to methanol pilot plan,UserServices,Google,Hyderabad,internship
308,bids,invited for bathing bar total quantity : 1551,UserServices,Hooli,Mumbai,job
309,supply,invited for air conditioner total quantity : 3,Service,Pied Piper,Kolkata,job
310,supply,tender for “annual rate contract for supply of flanges for bpcl-kochi refinery,Service,FLY,Bangalore,job
311,bids,invited for steel tables total quantity : 8,Service,Ali Baba,Hyderabad,internship
312,supply,bids are invited for workstation ( pac only ) total quantity : 1,Service,Amazon,Ahmedabad,internship
313,bids,"fabrication of melting pit , mixing pit and pre coat pit steam coils for acid plant in fact cd",Service,Google,Chennai,internship
314,supply,"design , build , testing , commissioning and delivery of emergency response cum work boats for kochi water metro project",Service,Hooli,Ahmedabad,job
315,supply,"supply of , nitrile dyped cotton gloves of size 9""",UserServices,Pied Piper,Vadodara,internship
316,supply,invited for convective air patient warming system total quantity : 2,Service,FLY,Nagpur,job
317,bids,"invited for movable file storage system (compactor),almirah steel,executive table,sofas,modular table, chairs-of total quantity : 33",Service,Ali Baba,Raipur,job
318,bids,construction of new septic tank and soak pit in district jail kozhikode in kozhikode district construction,Service,Amazon,Bangalore,job
319,supplies,invited for trolleys or accessories total quantity : 5,Service,Google,Chennai,internship
320,bids,"servicing of air circuit breakers in mla hostel , thiruvananthapuram (re-tender",Service,Hooli,Ahmedabad,job
321,bids,supply of supply of sports caps and t-shirts for sac tenders for sports caps and t-shirts for sac,UserServices,Pied Piper,Vadodara,job
322,supplies,invited for dental examination chairs total quantity : 1,UserServices,FLY,Chandigarh,internship
323,bids,invited for reusable/washable cloth face mask total quantity : 7000,Service,Ali Baba,Kolkata,job
324,bids,invited for television tv total quantity : 1,Service,Amazon,Bangalore,job
325,bids,"supply, installation and commissioning of one number of 400 kva online ups & accessories.",UserServices,Google,Ahmedabad,job
326,bids,invited for potable water purification system reverse osmosis or uv based total quantity : 1,Service,Hooli,Jaipur,job
327,bids,invited for ductile iron fittings-di total quantity : 200,Service,Microsoft,Indore,internship
328,bids,invited for hot or cold water dispenser total quantity : 1,Service,Infosys,Vadodara,internship
329,bids,"invited for sluice valves , check valve , check valve , sluice valves , sluice valves , sluice valves total quantity : 56",Service,Ali Baba,Chandigarh,job
330,supply,constrution bituminous road at busstand area manasa dist neemuch m . p .,Service,Amazon,Mumbai,job
331,supply,bids are invited for hand gloves woolen knitted total quantity : 400,Service,Flipkart,Kolkata,job
332,supply,invited for earthing rod total quantity : 10,Service,Hooli,Hyderabad,job
333,supply,invited for ptfe / graphite yarn reinforced with synthetic fibre gland rope total quantity : 360,Service,Microsoft,Ahmedabad,internship
334,bids,invited for rubber gloves for electrical purposes total quantity : 100,Service,Microsoft,Pune,internship
335,bids,auction sale of lot no: 19 lot name: u/s scrap bobbin spool big and small,Service,Ali Baba,Jaipur,job
336,supply,auction sale of lot no: 15 lot name: u/s tube light choke,Service,Infosys,Indore,job
337,supply,auction sale of lot no: 13 lot name: ph monitoring system,Service,Google,Agra,job
338,supply,auction sale of lot no: 10 lot name: chartless recorder,Service,FLY,Meerut,internship
339,supply,auction sale of lot no: 11 lot name: pressure transmitter,Service,FLY,Rajkot,job
340,bids,supply of tractor with tanker,UserServices,Amazon,Raipur,job
341,supply,cleaning of chamber,Service,Google,Bangalore,internship
342,supply,bids are invited for security manpower service total quantity : none,UserServices,Lalit,Delhi,internship
343,bids,"supply of , tab orciprenaline 10 mg,",UserServices,Pied Piper,Guru gram,internship
344,supply, invited for icu bed total quantity : 30,Service,FLY,Agra,internship
345,bids,bids are invited for led lamps- bulb total quantity : 190,Service,Ali Baba,Amritsar,job
346,bids,hiring of fiber network laying in duliajan campus,Service,Amazon,Agra,internship
347,supply,special repair to bldgno p30 d1 office accomodation at army land at campbell bay,Service,Google,Meerut,job
348,supply,bids are invited for ecg machine total quantity : 2,UserServices,DPS,Rajkot,job
349,bids,urgent maintenance of existing nh 04 portion from kalara junction ch. 298+000 km to lamiya bay ch. 330.662 km -retender,UserServices,Pied Piper,Bhopal,job
350,supply,bids are invited for aerial bunched cables total quantity : 19000,Data,Hooli,Mumbai,internship
351,bids,invited for spirits or liquors or rectified spirit total quantity : 1000000,UserServices,Pied Piper,Ghaziabad,job
352,supply,invited for battery cell total quantity : 10000,UserServices,Microsoft,Noida,job
353,supply,invited for saline stand total quantity : 100,Data,Ali Baba,Chandigarh,job
354,supply,invited for absorbent cotton wool total quantity : 10000,UserServices,Amazon,Kanpur,internship
355,bids,provision of otm accomodation for dsc platoons at vijay nagar of icgs hutbay,UserServices,Google,Lucknow,job
356,bids,all inclusive annual maintenance contract of ro plant fitted onboard fdn-2,UserServices,sbi,Faisalabad,internship
357,supplies,attending repairs to passenger hall and canteen and improvement to the toilet facilities at kamorta port in nancowrie,UserServices,Pied Piper,Gwalior,job
358,bids,"bids are invited for crop protection equipment -hand operated knapsack sprayer, piston type for agriculture total quantity : 85",UserServices,FLY,Nagpur,job
359,bids,"augmentation of storage capacity of water supply augmentation of storage capacity of water supply system at haddo and inter connection of buniyadabad and jarawa pump house at haddo , port blair",Data,Ali Baba,Raipur,job
360,supplies,invited for suction catheters total quantity : 1000,UserServices,Lalit,Bangalore,internship
361,bids,invited for domestic refrigerators total quantity : 1,UserServices,Google,Chennai,internship
362,bids,invited for arterial blood gas analyser total quantity : 10,UserServices,HCL,Ahmedabad,job
363,bids,invited for absorbent cotton wool total quantity : 10000,UserServices,Pied Piper,Vadodara,job
364,bids,invited for aluminium conductorsaac/aaac/acsr total quantity : 100000,UserServices,FLY,Nagpur,internship
365,bids,invited for hazardous material protective footwear-rubber knee and ankle boots total quantity : 1000,Railway,CT hospital,Raipur,job
366,bids,bids are invited for surgical isolation faceshield total quantity : 1000,Railway,CT hospital,Bangalore,job
367,bids,bids are invited for absorbent cotton wool total quantity : 100000,Agents,CT hospital,Chennai,job
368,supply,bids are invited for nasal oxygen cannula total quantity : 1000,UserServices,CT hospital,Vadodara,job
369,supply,supply of potable drinking water.,UserServices,Pied Piper,Chandigarh,job
370,supply,"bids are invited for distribution transformer, 3 phase, 11 kv, > 200 kva up to and including 2500 kva total quantity : 4",UserServices,Hooli,Delhi,job
371,supply,bids are invited for oem cartridge/ consumable total quantity : 22,UserServices,Pied Piper,Mumbai,job
372,bids,invited for oem cartridge/ consumable total quantity : 28,UserServices,FLY,Kolkata,internship
373,bids,provision of 180 charpoys for 172 inf bt ( ta madras ) at campbellbay,UserServices,Ali Baba,Bangalore,job
374,supply,invited for wheat atta/flour total quantity : 7500,UserServices,Amazon,Hyderabad,internship
375,supply,invited for coriander total quantity : 72,UserServices,Google,Ahmedabad,internship
376,supply,periodical servicing of 125 kva dea set at telephone bhawa,UserServices,Hooli,Pune,internship
377,supply,invited for toilet soap total quantity : 2500,UserServices,Pied Piper,Surat,job
378,bids,periodical servicing of 75 kva dea set at bsnl bhawan,UserServices,FLY,Jaipur,internship
379,supply,"replacement of 12 v dg set battery with charger, periodical servicing of 30 kva dea set at telephone exchange, neil.",UserServices,Ali Baba,Indore,job
380,supply,bids are invited for turmeric total quantity : 72,Service,Amazon,Agra,job
381,bids,bids are invited for arhar dal or tur dal defence total quantity : 836,UserServices,Google,Meerut,job
382,supply,bids are invited for masoor dal defence total quantity : 82,UserServices,Hooli,Rajkot,internship
383,bids,milk powder total quantity : 1167,UserServices,Pied Piper,Vadodara,job
384,bids,sunflower oil total quantity : 1161,UserServices,FLY,Nagpur,internship
385,supply,refined sugar total quantity : 1635,UserServices,Ali Baba,Raipur,job
386,bids,invited for iodized salt total quantity : 957,UserServices,Amazon,Bangalore,job
387,supply,invited for cumin total quantity : 60,UserServices,Google,Chennai,job
388,supply,invited for moong dal husked(dhuli) defence total quantity : 1571,UserServices,Hooli,Ahmedabad,job
389,bids,invited for chilly total quantity : 72,Service,Pied Piper,Vadodara,internship
390,supply,invited for sabjee masala total quantity : 10200,Service,FLY,Chandigarh,job
391,bids,invited for garam masala total quantity : 30,Service,Ali Baba,Delhi,internship
392,supply,invited for smart phone total quantity : 3,UserServices,Amazon,Mumbai,job
393,supply,"provision of retaining wall along the side of rain water harvesting pond at brichgunj mily station , port blair",UserServices,Google,Kolkata,job
394,supply,bids are invited for non basmati rice total quantity : 10100,Service,Hooli,Bangalore,job
395,bids,invited for plain savory biscuits total quantity : 2600,Service,Pied Piper,Hyderabad,job
396,bids,invited for public place seating chair total quantity : 50,Service,FLY,Ahmedabad,internship
397,supplies,special repairs to aproach road to building no p-59 at ins baaz under ge ( i ) campbell bay .,UserServices,Ali Baba,Delhi,internship
398,bids,"invited for distribution transformer, 3 phase, 11 kv, > 200 kva up to and including 2500 kva total quantity : 4",UserServices,Amazon,Mumbai,job
399,bids,invited for fixed bldc fan total quantity : 3380,UserServices,Google,Kolkata,internship
400,supplies,"provision of 01 ops shelters ( toilet block ) at ins jarawa, haddo, port blair",UserServices,Hooli,Bangalore,job
401,bids,bids are invited for lead acid battery total quantity : 8,UserServices,Pied Piper,Hyderabad,job
402,bids,"repair rate contract for repair/ routine work on pumps of in ships , yard craft and fdns",UserServices,FLY,Ahmedabad,job
403,bids,rrc for retro fitment of spring assembly in existing wt hatches onboard in vessels,UserServices,Ali Baba,Indore,job
404,bids,term contract for artificer works at vijay baugh and mes colony area under age b/r-ii of ge haddo,UserServices,Amazon,Agra,internship
405,bids,"repairs to footpath , kerbs , railing , chainlink fencing under age b/r-i of ge haddo",UserServices,Google,Meerut,job
406,bids,"term contract for artificer works at naval wharf , nsry , navcc and cdu area under age b / r-ii of ge haddo",UserServices,Hooli,Rajkot,job
407,bids,addition / alteration to building no . t-80 jalvihar under age b/r-i of ge haddo,UserServices,Pied Piper,Mumbai,job
408,supply,welcome maintenance including allied misc b/r and internal e/m repair works to md offrs accn under age b/r-ii subdivision of ge birchgunj,UserServices,FLY,Ghaziabad,job
409,supply,provn of rcc retaining cum security wall at icgs land mayabunder,UserServices,Ali Baba,Noida,internship
410,supply,misc repairs and maintenance to buildings at md and otm accns of ce zone complex under age b / r -i sub div of ge birchgunj,UserServices,Amazon,Agra,job
411,supply,supply of wind driven roof extractor,UserServices,Google,Meerut,job
412,bids,"supply of argon gas iolar-2/inox-1 grade . argon gas iolar-2/inox-1 grade . , argon gas iolar-2/inox-1 grade .",Service,Hooli,Rajkot,job
413,bids,"supply of green long salia bamboo . green long salia bamboo , green long salia bamboo",UserServices,Pied Piper,Bhopal,job
414,supply,"supply of local pb station , outdoor type push button station , lcs for 415v , 220kw vfd",UserServices,FLY,Mumbai,internship
415,supply,tablet. azithromycin-500mg,UserServices,Ali Baba,Ghaziabad,job
416,bids,tablet. atorvastatin 10mg,UserServices,Amazon,Noida,internship
417,bids,tablet. atorvastatin-20mg,UserServices,Google,Chandigarh,job
418,supplies,repair of multi purpose flood shelter ( mfs ) at khadagprasad for the year 2020,UserServices,Hooli,Delhi,internship
419,supply,repair of multi purpose flood shelter ( mfs ) at khandabandha for the year 2020-21,UserServices,Microsoft,Lucknow,internship
420,supply,annual maintenance of medicinal garden at ananta oc project for a period of 02 ( two ) years .,UserServices,Infosys,Faisalabad,internship
421,bids,"providing concertina coil over compound wall of r and r ( partly ) balanda in front of uco bank towards club house under bbsri ocp , jagannath area",UserServices,Ali Baba,Gwalior,job
422,bids,procurement of tata 1200 and tata 350 spares,UserServices,Amazon,Nagpur,job
423,bids,application of chemical resistant coating in reep,UserServices,Flipkart,Raipur,internship
424,bids,bids are invited for propeller type ac ventilating fan-exhaust total quantity : 22,UserServices,Hooli,Bangalore,internship
425,supply,"customized bopp tape . customized bopp tape . , customized bopp tape",UserServices,Microsoft,Chennai,internship
426,bids,"push type seals . push type seals . , push type seals for 31 . 75 mm strap",UserServices,Microsoft,Ahmedabad,job
427,supply,"knockout punch , knock out punch ( round screw ) , for 3mm sh*",Service,Ali Baba,Vadodara,internship
428,supply,procurement of tata 1200 spares,Service,Infosys,Nagpur,job
429,bids,spares for escort crane rt-40 at lingaraj ocp ( exclusively for oem ),Service,Google,Raipur,internship
430,supply,"rolling mill breaker , supply of rolling mill breaker as per nit , retrofitting charges of rolling mill breaker as per nit",Service,FLY,Bangalore,internship
431,bids,"three pole load break isolator , 3 pole load break switch , lic 630a",Service,FLY,Chennai,job
432,supply,tip top belt repair kit and cleaning rubber,Service,Amazon,Vadodara,internship
433,supply,erection and commissioning of led flood light mini mast tower,UserServices,Google,Chandigarh,job
434,supply,1000 lph ro system water treatment plant,UserServices,Lalit,Delhi,job
435,bids,engagement of transport contractor for transporting of wheat and rice under snp for 2020- 21,UserServices,Pied Piper,Mumbai,job
436,bids,"bulk chemical - sodium chlorite for dstpp , sodium chlorite",UserServices,FLY,Kolkata,internship
437,supplies,roof-top solar plant 100 kwp,UserServices,Ali Baba,Bangalore,job
438,bids,vehicle mounted hydraulically operated ladder ( revised tender ),UserServices,Amazon,Hyderabad,job
439,bids,"design , supply , erection , testing and commissioning of nitrogen generator unit for nalco , panchpatmali bauxite mines , damanjodi , koraput",UserServices,Google,Ahmedabad,job
440,supplies,"invited for meeting table ( pac only ) , chairs-office ( pac only ) total quantity : 17",UserServices,DPS,Pune,job
441,bids,"supply of , tab. glyceryl trinitrate 2.5/2.6mg.:[packing: strips of 10 tab.]",UserServices,Pied Piper,Surat,job
442,bids,bids are invited for laptop-notebook total quantity : 21,UserServices,Hooli,Jaipur,internship
443,bids,tab. saxagliptin 5 mg/tab.: [packing: srtips of 10 tab.],UserServices,Pied Piper,Indore,job
444,bids,tab. vildagliptin 50mg.:[packing: strips of 10 tab.],UserServices,Microsoft,Agra,job
445,bids,tab. metformin 1 gm. sr.:[packing: strips of 10 tab.],UserServices,Ali Baba,Meerut,job
446,bids,"supply of , contact wire splice (toothed type) r.i. no. 1081-1 rdso spec. no. eti/ohe/p/1081-1, (mod-c)",UserServices,Amazon,Rajkot,internship
447,bids,"supply of , catenary wire splice (65) as per rdso drg. no. eti/ohe/p/1090, part no. 1091-1094.",UserServices,Google,Vadodara,job
448,supply,"painting , cleaning and other miscellaneous works near wagon tippler .",UserServices,sbi,Nagpur,job
449,supply,ising of compound wall from gate no . 3 to l and t junction,Service,Pied Piper,Raipur,internship
450,supply,outsourcing the operation of mechanical truck tyre washing system at gate no . 3 for a period of six months,Service,FLY,Bangalore,job
451,supply,construction of new substation building near oil jetty,Service,Ali Baba,Chennai,job
452,bids,extension of fertilizer berth return arm . ( revised tender ) extension of fertilizer berth return arm,UserServices,Lalit,Ahmedabad,job
453,bids,construction of four new class rooms in k . v . paradip port .,UserServices,Google,Vadodara,internship
454,supply,"renovation to the entrance , portico and lobby of administrative building",UserServices,HCL,Chandigarh,internship
455,supply,renovation to old ubi block-c and block-b at madhuban,UserServices,Pied Piper,Delhi,job
456,supply,water sprinkling to the roads inside port prohibited area for the year 2019-20 ( zone-ii ) .,UserServices,FLY,Mumbai,job
457,bids,construction of panchayat bhaban at purba raigram at mamudpur-1 gram panchayat . 3rd call,UserServices,CT hospital,Kolkata,internship
458,supply,construction of concrete road from goutam das house to ghorsala shib mandir under kanupur gp block raghunathganj i,UserServices,CT hospital,Bangalore,job
459,bids,1565/ nkda/engg-36/2010 - supply and installation of 4 nos mosquito traps in new town kolkata,UserServices,CT hospital,Hyderabad,job
460,supply,"supply of , gauze surgical in than, gauze width 60 cm length 16 mtrs with 32 threads per inch ( tpi ), than",UserServices,CT hospital,Ahmedabad,job
461,supply,"supply of , tourniquate (latex) 7.5cm x 180cm, roll",UserServices,Pied Piper,Delhi,job
462,supply,"tab.tibolone 2.5mg,strip packing",UserServices,Hooli,Mumbai,job
463,bids,bids are invited for telecommunication cable total quantity : 10,UserServices,Pied Piper,Kolkata,internship
464,bids,invited for rotary hammer drill ndrf total quantity : 10,UserServices,FLY,Bangalore,job
465,supplies,invited for sanding machines total quantity : 15,UserServices,Ali Baba,Hyderabad,internship
466,bids,"inj. noradrenaline bitartarate 2mg, amp",UserServices,Amazon,Ahmedabad,job
467,bids,"tab.linagliptin 5mg, strip packing",UserServices,Google,Indore,internship
468,supplies,"triangular bandage 130 x 90 x 90cm, piece",UserServices,Hooli,Agra,internship
469,bids,"adhesive plaster non-extensile tape woven 2.5cm x 5m, spool",UserServices,Pied Piper,Meerut,internship
470,bids,"tab. isosorbide 5 mono nitrate 20mg, strip packing",UserServices,FLY,Rajkot,job
471,bids,"mata traders, ambika agencies, weld well agencieses",UserServices,Ali Baba,Mumbai,internship
472,bids,"overhauling of lp turbiine , generator and auxiliary works of unit-4 , 195 mw ( kwu design ) at muzaffarpur tps - kbunl , bihar .",UserServices,Amazon,Ghaziabad,job
473,bids,invited for cordless screw driver total quantity : 15,UserServices,Google,Noida,job
474,bids,maintenance and repair to cooch behar t p embankment along the l b of river torsa in harinchora p s kotwali dist cooch behar,UserServices,Hooli,Agra,job
475,bids,construction of cement concrete culvert near residence of saidul sekh at dhaldanga mouja,UserServices,Pied Piper,Meerut,internship
476,supply,auction sale of lot no: 1 lot name: mruti susuki model sx4,UserServices,FLY,Rajkot,job
477,supply,"expression of interest for allotment of wbhidco land at fintech hub, within cbd area of new town, kolkata on ‘lease-hold’ basis.",Service,Ali Baba,Bhopal,internship
478,supply,"supply of , each 15 ml contains: liquid paraffin (3.75 ml)+ magnesium hydroxide or milk of magnesia (11.25 ml), 170 ml bottles.",Service,Amazon,Mumbai,job
479,supply,bids are invited for scanning and digitisation service total quantity : none,UserServices,Google,Ghaziabad,job
480,bids,tablet flunarizine 10 mg,UserServices,Hooli,Noida,internship
481,bids,sachet mesalamine 1 gm,UserServices,Pied Piper,Chandigarh,job
482,supply,cholecalciferol(vit d3) 60000 iu/gm sachet.,UserServices,FLY,Kanpur,job
483,supply,respules fluticasone 0.5 mg/ 2ml,Service,Ali Baba,Lucknow,job
484,bids,capsule rabeprazole 20 mg + itopride 150 mg,Service,Amazon,Faisalabad,job
485,bids,"procurement of medical stores medical stores , drugs , capd fluid 7 . 5% 02 ltr bag with minicap",Service,Google,Gwalior,internship
486,supplies,"supply of , inj. dobutamine 250mg, amp/vial",Service,Hooli,Nagpur,job
487,supply,tablet citicoline 500 mg + piracetam 800 mg.,Service,Pied Piper,Raipur,internship
488,supply,tablet citicoline 500 mg + piracetam 800 mg.,Service,FLY,Bangalore,job
489,bids,"supply of , cap. omeprazole 20mg + domperidone 10mg, strip packing",Service,Ali Baba,Chennai,job
490,supply,"lotion povidone iodine 10%,1 litre jar.",Service,Amazon,Ahmedabad,job
491,bids,"tab.thyroxin sodium 25mcg, bottle",Service,Google,Vadodara,job
492,supply,"supply of , suction machine--02, electrically operated, half hp motor with two jars and foot pedal switch",UserServices,Hooli,Nagpur,internship
493,bids,item 1 development of commercial plots at balotra housing scheme balotra,UserServices,Pied Piper,Raipur,internship
494,supply,auction sale of land for agricultural work,UserServices,FLY,Bangalore,job
495,supply,rectification of pipeline leakages at various wss under phed sub division srikaranpur,UserServices,Ali Baba,Chennai,internship
496,supply,"auction contract for dead animal bone and leather, leasing of canteen",UserServices,Amazon,Vadodara,job
497,bids,work of repair and rewinding of monoblock centrifugal pump sets and starters under sub disivion sadulshahar,UserServices,Google,Chandigarh,job
498,bids,tender for computer peripherals parts purchased and maintenance,Service,Hooli,Delhi,job
499,supplies,annual repair contract to repair faulty pcbs of c-dot exchanges working in all ssas of rajasthan circle,Service,Pied Piper,Mumbai,internship
500,bids,"contract for supply of chicken broiler dressed in chilled/ frozen state at kota , kota ( station ) chicken ( broiler ) dressed in chilled / frozen state",Service,FLY,Kolkata,job
501,bids,"supply of asc articles as per tender documents , crate conveyor",Service,Ali Baba,Bangalore,internship
502,supplies,procurement of liquid chlorine ( on rate contract basis ) for phed circle baran,Service,Amazon,Hyderabad,internship
503,bids,running & maintenance of nigam rest house at mt. abu,UserServices,Google,Ahmedabad,internship
504,bids,supply of bch /jyoti / l and t make starter spare parts,UserServices,Hooli,Pune,internship
505,bids,deployment of private security personal on non core duties at udaipur airport,UserServices,Pied Piper,Surat,job
506,bids,transportation work nlcil-bp-mines-transportation of chain dozer239 to neyveli mines-1a .,UserServices,FLY,Jaipur,internship
507,bids,"annual rate contract for civil works at iocl , kot pump station",Service,Ali Baba,Indore,job
508,bids,auction sale of property - residential plot in churu,Service,Amazon,Agra,internship
509,bids,various civil works at 33kv s/s agra road jaipur,UserServices,Google,Meerut,internship
510,supply,"renovation c / r bldg . and other misc . civil works at 33 kv s / s thekda , balahedi and mahuwa .",UserServices,Hooli,Rajkot,job
511,supply,repair of meter shed ( acos-jcc ) at oph jaipur,UserServices,Microsoft,Vadodara,internship
512,supply,construction of transformer platform and other civil works at 33 kv s / s laxman doongri jaipur,UserServices,Infosys,Nagpur,job
513,supply,"repair and maintenance of roof and other repair works at acos-jcc premises madhu industries hawa sadak , jaipur",UserServices,Ali Baba,Raipur,job
514,bids,bottling and packing of country liquor 40/ 50 up in aseptic brick pack of 180 ml,Service,Amazon,Bangalore,internship
515,bids,misc . development civil works at 33 kv s / s mandawar .,Service,Flipkart,Chennai,job
516,supply,renovation of c / r bldg . and other misc . civil works at 33 kv s / s hingota and gwarki .,Service,Hooli,Ahmedabad,job
517,supply,construction of guard room in dausa circle office .,UserServices,Microsoft,Vadodara,internship
518,bids,up-keeping and maintenance of garden infront of circle office dausa .,UserServices,Microsoft,Chandigarh,job
519,bids,earthfilling and other misc . civil works at 33 kv s / s balaheda .,UserServices,Ali Baba,Delhi,job
520,supplies,renovation c / r bldg . and other misc . civil works at 33 kv s / s .,UserServices,Infosys,Mumbai,job
521,supply,bids are invited for short gymnastic - iaf total quantity : 100,UserServices,Google,Kolkata,job
522,supply,bids are invited for desktop computers total quantity : 3,UserServices,FLY,Bangalore,internship
523,bids,limited tender for purchase of liquid nitrogen storage container 30 liters.-corrigendum,UserServices,FLY,Hyderabad,job
524,supply,limited tender for supply of drugs.-corrigendum,Service,Amazon,Ahmedabad,internship
525,bids,invited for medical gowns - disposable total quantity : 25000,Service,Google,Delhi,job
526,supply,setting of construction and demolition waste processing plant.,UserServices,Lalit,Mumbai,job
527,bids,bids are invited for human resource outsourcing service total quantity : none,Service,Pied Piper,Kolkata,job
528,supply,bids are invited for buy back - stationary value regulated lead acid batteries total quantity : 6,Service,FLY,Bangalore,internship
529,supply,"tender for operation, repair and maintenance of electrical systems.",Service,Ali Baba,Hyderabad,job
530,supply,invited for computed radiography system ( pac only ) total quantity : 1,Service,Amazon,Ahmedabad,job
531,bids,invited for x-ray machine (500 ma) ( pac only ) total quantity : 1,Service,Google,Indore,job
532,bids,invited for workstation total quantity : 2,Service,DPS,Agra,job
533,supplies,invited for supply of portable pa system total quantity : 1,Service,Pied Piper,Meerut,internship
534,bids,invited for air conditioner ( pac only ) total quantity : 1,Service,Hooli,Rajkot,job
535,bids,invited for ent head light-ear total quantity : 2,Service,Pied Piper,Mumbai,internship
536,supplies,invited for human resource outsourcing service total quantity : none,Service,Microsoft,Ghaziabad,job
537,bids,invited for human resource outsourcing service total quantity : none,Service,Ali Baba,Noida,job
538,bids,hiring of services - potable/ tech water - ds/ws,Service,Amazon,Agra,job
539,bids,bids are invited for lead acid battery total quantity : 15,Service,Google,Meerut,job
540,bids,supply of pipes and fittings,Service,sbi,Rajkot,internship
541,bids,supply of alarm annunciators.,Service,Pied Piper,Bhopal,internship
542,bids,invited for hiring of sanitation service total quantity : none,Service,FLY,Mumbai,job
543,bids,invited for security manpower service total quantity : none,Service,Ali Baba,Ghaziabad,job
544,supply,bids are invited for technical manpower outsourcing service total quantity : none,Service,Lalit,Noida,internship
545,supply,machinery and equipment open tender 2019 - 20,Service,Google,Chandigarh,job
546,supply,machinery and equipment open tender 2020,Service,HCL,Kanpur,internship
547,supply,machinery and equipment open tender 2019 - 20,Service,Pied Piper,Lucknow,job
548,bids,machinery and equipment open tender 2019 - 20,Service,FLY,Faisalabad,job
549,bids,machinery and equipment open tender 2020,Service,CT hospital,Gwalior,job
550,supply,supply of vacuum assisted venous drainage ( vavd ) controller,Service,CT hospital,Nagpur,job
551,supply,machinery and equipment open tender 2020,Service,CT hospital,Raipur,job
552,bids,machinery and equipment open tender 2019 - 20,Service,CT hospital,Bangalore,internship
553,bids,machinery and equipment open tender 2020,Service,Pied Piper,Chennai,job
554,supplies,auction sale of property - land and building in villianur,Service,Hooli,Ahmedabad,job
555,supply,"reconstruction of u drain infront of office of the deputy collector ( revenue ) south , at south car street in villianur ,",Service,Pied Piper,Vadodara,internship
556,supply,"improvements and special repairs works with additional facilities in health and wellness centre ( phc ) , ariyur , villianur commune",Service,FLY,Nagpur,job
557,bids,construction of rain water harvesting structure at muthupillaipalayam,Service,Ali Baba,Raipur,job
558,supply,"improvements to the four car streets in thirunallar ,",Service,Amazon,Bangalore,job
559,bids,annual maintenance of cross masonry structure of rivers in thirunallar section for the year 2020 .,Service,Google,Chennai,internship
560,supply,annual maintenance of cross masonry structures of channels in nedungadu section for the year 2020 .,Service,Hooli,Vadodara,job
561,bids,annual maintenance of cross masonry structures of rivers in t . r . pattinam section for the year 2020,Service,Pied Piper,Chandigarh,internship
562,supply,rivers nedungadu annual maintenance of cross masonry structures of rivers in nedungadu section for the year 2020,Service,FLY,Delhi,job
563,supply,"drugs-tablet, capsule, injection, drops, syrup",UserServices,Ali Baba,Mumbai,job
564,supply,"improvements , repairing of roads and reconstruction of u drain , l drain in puducherry phase-iii",UserServices,Amazon,Kolkata,job
565,bids,invited for air conditioner total quantity : 11,UserServices,Google,Bangalore,job
566,bids,invited for pins or tacks total quantity : 150,Service,Hooli,Hyderabad,job
567,supplies,invited for patient bed (fowler and semi fowler) total quantity : 7,Service,Pied Piper,Ahmedabad,internship
568,bids,invited for mosquito net llins total quantity : 5000,Service,FLY,Pune,job
569,bids,local grinding of dal chana into besan for the month of may 20,Service,Ali Baba,Surat,internship
570,supplies,"invited for marking pen- permanent, highlighter total quantity : 125",Service,Amazon,Jaipur,job
571,bids,invited for scissors total quantity : 50,Service,Google,Indore,internship
572,bids,bids are invited for online ups 10 kva for critical infrastructures total quantity : 8,Service,Hooli,Agra,internship
573,bids,"supply of , (ph no.:56002) thyroxin sodium 100 mcg/ 0.1 mg tab",Service,Pied Piper,Meerut,internship
574,bids,invited for conference folder total quantity : 170,Service,FLY,Rajkot,internship
575,bids,invited for gel pen total quantity : 200,Service,Ali Baba,Vadodara,job
576,bids,invited for ball point pen total quantity : 700,Service,Amazon,Nagpur,job
577,bids,bids are invited for ring binder- file folder total quantity : 120,Service,Google,Raipur,internship
578,supply,invited for gel pen total quantity : 100,UserServices,Hooli,Bangalore,job
579,supply,invited for ring binder- file folder total quantity : 120,UserServices,Pied Piper,Chennai,internship
580,supply,"supply of , tab canagliflozin 100 mg or similar",Service,FLY,Ahmedabad,job
581,supply,"supply of , tab canagliflozin 10mg or similar",Service,Ali Baba,Vadodara,internship
582,bids,request for proposal (rfp) for to support in achieving leed rating for un house.,Service,Amazon,Chandigarh,job
583,bids,invited for television tv total quantity : 1,Service,Google,Delhi,job
584,supply,invited for layer 2 access switch ( pac only ) total quantity : 8,Service,Hooli,Mumbai,job
585,supply,invited for infrared medical thermometer for measuring body temperature total quantity : 5,Service,Pied Piper,Kolkata,internship
586,bids,request for proposal for providing of tool for timber traceability from private land.,Service,FLY,Bangalore,job
587,bids,tender for annual maintenance contract of optical fibre cable in kota-chittorgarh region under gail vijaipur.,Service,Ali Baba,Hyderabad,internship
588,supplies,lighting material for pellet plant # 2.,Service,Amazon,Ahmedabad,job
589,supply,"gas, acetylene, cylinder.",Service,Google,Delhi,job
590,supply,computer items bulk.,Service,Hooli,Mumbai,job
591,bids,meter regulators.-corrigendum,Service,Pied Piper,Kolkata,internship
592,supply,invited for disposable surgical rubber gloves - prepowdered total quantity : 71000,UserServices,FLY,Bangalore,job
593,bids,invited for oem cartridge / consumable total quantity : 5,UserServices,Ali Baba,Hyderabad,internship
594,supply,invited for executive table ( pac only ) total quantity : 72,UserServices,Amazon,Ahmedabad,job
595,bids,procurement of water gel blankets for one year for all india requirement on arc basis,UserServices,Google,Indore,job
596,supply,e-tender for installation of non space pump at m / s rs jadhave,UserServices,Hooli,Agra,job
597,supply,"amc and procurement of consumables / spares parts for ftir, make m / s perkinelme",Service,Pied Piper,Meerut,internship
598,supply,tender for business writing skills workshop,Service,FLY,Rajkot,job
599,bids,synthetic ester as per specification in annex.,Service,Ali Baba,Mumbai,job
600,bids,(ph no.:62034) vitamin 'e' 400 mg cap,Service,Amazon,Ghaziabad,internship
601,supplies,comprehensive maintenance i.e. housekeeping & mechanized cleaning and conservancy services,Service,Google,Noida,job
602,bids,providing vehicle on hire services for proposed irugur devangonthi pipeline ( idpl ),Service,Hooli,Chandigarh,internship
603,bids,medicines,Service,Microsoft,Gwalior,internship
604,supplies,lto ultrium 6 data cartridge 2.5 tb,Service,Infosys,Nagpur,job
605,bids,outdoor unit ( odu ) kit suitable for 2.0t split ac machine,Service,Ali Baba,Raipur,job
606,bids,fabrication structure items for 220 kv switchyard ct-pt replacement work,UserServices,Amazon,Bangalore,internship
607,bids,current transducer,UserServices,Flipkart,Chennai,internship
608,bids,handheld peizoelectric based vibration meter,Service,Hooli,Ahmedabad,internship
609,bids,earthing stick / discharge rod with 35 sq.mm cable / lead for 220kv ehv transmission lines and sub-stations.,Service,Microsoft,Vadodara,job
610,bids,"supply of mechanical seal, make- sealmatic india ltd",Service,Microsoft,Chandigarh,internship
611,bids,ultrasonic non contact type level transmitter,Service,Ali Baba,Delhi,job
612,supply,rate contract for supply of laboratory test kits,UserServices,Infosys,Delhi,internship
613,supply,screw driver set,Service,Google,Mumbai,internship
614,supply,bakelite sheet fabric layer,Service,FLY,Kolkata,internship
615,supply,labour contract for hiring of skilled drivers for mt section at ofaj.=> open tender (indigenous),Service,FLY,Bangalore,job
616,bids,lemon to size 30 to 40mm dia=> open tender (indigenous),Service,Amazon,Hyderabad,job
617,bids,semi finished mask with nose strip=> open tender ( indigenous ),UserServices,Google,Ahmedabad,job
618,supply,"seal seal, make- rotex automation ltd",Service,Lalit,Chennai,internship
619,supply,request for proposal development of low-cost systems to monitor forest management interventions and land use practices outside forest lands,UserServices,Pied Piper,Ahmedabad,job
620,bids,hiring public relations agency for childfund india,Service,FLY,Vadodara,job
621,bids,development and maintenance of a platform for equity financing to msmes.,Service,Ali Baba,Nagpur,job
622,supplies,renewal of adobe product licenses for export-import,Service,Amazon,Raipur,job
623,supply,data centre design and construction for export-import bank of india,Service,Google,Bangalore,job
624,supply,support assembly (wdp4) drawing no. emd pt. no. 10664126 rev nil.,Service,DPS,Chennai,internship
625,bids,commercial gas meters with smart metering compatibility,Service,Pied Piper,Ahmedabad,job
626,supply,production of personal protective equipment(ppe)garments as per railway's scope of work.,UserServices,Hooli,Vadodara,job
627,bids,procurement of other cat b stores,Service,Pied Piper,Delhi,internship
628,supply,procurement of construction stores - miscellaneous goods,Service,Microsoft,Mumbai,job
629,bids,tender for etc works of 400kv pothead yard at phpa-ii punatsangchhu hep (6x170 mw),Service,Ali Baba,Kolkata,job
630,supply,"supply of , knuckle for up- graded ht-cbc to rdso drg no. sk-62724, alt-28, item-2 material and specification : rdso spec. no. wd-70-bd-10 [ rev. 2]",Service,Amazon,Bangalore,internship
631,supply,request for proposal (rfp) for implementation of multilanguage solution in core banking solution finacle 10.x”.-corrigendum,Service,Google,Hyderabad,job
632,supply,auction sale of property - commercial property,Service,sbi,Ahmedabad,job
633,bids,"integrated communication system - quantity 70 for assam rifles , integrated communication system ( ics ) , gst",Service,Pied Piper,Pune,job
634,bids,special repairs to bldg nos t 100 and t 404 at zakhama mil stn,Service,FLY,Jaipur,internship
635,supplies,bids are invited for cleaning & sanitation and disinfection service total quantity : none,Service,Ali Baba,Indore,internship
636,bids,auction sale of property - land in cachar,Service,Lalit,Agra,job
637,bids,special repair to building no p-197 and 198 at umroi mil stn under ge umroi,Service,Google,Meerut,job
638,supplies,invited for lead acid battery total quantity : 32,Service,HCL,Bangalore,job
639,bids,quotation for up gradation of computers,Service,Pied Piper,Chennai,job
640,bids,invited for supply of heat shrink straight through joint total quantity : 5,Service,FLY,Vadodara,job
641,bids,"carrying out various civil, mechanical and electrical jobs for construction of new retail outlet in meghalaya state",UserServices,CT hospital,Nagpur,internship
642,bids,"auction sale of lot no: 33.0 lot name: motor cycle(re), as-01ad-7139",UserServices,CT hospital,Raipur,job
643,bids,"auction sale of lot no: 32.0 lot name: s/m mini bus, as-01l-8930",UserServices,CT hospital,Chennai,job
644,bids,"auction sale of lot no: 30.0 lot name: maruti gypsy, jk-02t-4066",UserServices,CT hospital,Ahmedabad,internship
645,bids,"auction sale of lot no: 29.0 lot name: water tanker, pb-08al-5751",UserServices,Pied Piper,Vadodara,job
646,supply,"auction sale of lot no: 26.0 lot name: tata 407, jk-02x-0994",UserServices,Hooli,Chandigarh,internship
647,supply,"auction sale of lot no: 19.0 lot name: tata 407, jk-01f-9532",UserServices,Pied Piper,Delhi,internship
648,supply,"auction sale of lot no: 20.0 lot name: maruti gypsy, jk-02t-8063",UserServices,FLY,Mumbai,job
649,supply,"auction sale of lot no: 17.0 lot name: maruti gypsy, as-01k-7735",UserServices,Ali Baba,Kolkata,internship
650,bids,"auction sale of lot no: 16.0 lot name: tata 1212 tc, jk-02-t-0411",UserServices,Amazon,Bangalore,job
651,bids,"auction sale of lot no: 12.0 lot name: a/car, dl-9ca-9165",Service,Google,Hyderabad,job
652,supply,"auction sale of lot no: 11.0 lot name: m/cycle enfield, as-01ad-7196",Service,Hooli,Mumbai,job
653,supply,"auction sale of lot no: 10.0 lot name: maruti gypsy, pb-08ag-5982",Service,Pied Piper,Kolkata,internship
654,bids,"auction sale of lot no: 8.0 lot name: maruti gypsy, as-25c-9539",Service,FLY,Bangalore,internship
655,bids,"auction sale of lot no: 7.0 lot name: s/m truck, wb-73-8771",Service,Ali Baba,Hyderabad,internship
656,supplies,"auction sale of lot no: 5.0 lot name: maruti gypsy, rj-19u-0877",Service,Amazon,Ahmedabad,job
657,supply,"auction sale of lot no: 4.0 lot name: maruti gypsy, jk-02r-8732",UserServices,Google,Chennai,internship
658,supply,"auction sale of lot no: 3.0 lot name: maruti gypsy, as-01u-4128",Service,Hooli,Ahmedabad,job
659,bids,"auction sale of lot no: 2.0 lot name: a car, as-01n-1801",Service,Pied Piper,Vadodara,job
660,supply,"auction sale of lot no: 1.0 lot name: maruti gypsy, as-01p-4009",Service,FLY,Nagpur,job
661,bids,"processing of protective personal equipment ( ppe ) kit , protective personal equipment ( ppe ) kit",Service,Ali Baba,Raipur,internship
662,supply,engagement of practising company secretary for conducting the secretarial audit for the financial year 2019 - 20,Service,Amazon,Bangalore,job
663,bids,procurement of dummy load,UserServices,Google,Chennai,job
664,supply,cleaning / desilting and removing of soil for increasing the capacity of malse at hq eac ( u ) af shillong under ge ( i ) ( af ) shillong,UserServices,Hooli,Ahmedabad,internship
665,supply,tender for selection of agency for providing catering services,Service,Pied Piper,Vadodara,job
666,supply,special repair/renewal to surveyed off old surveyed off steel/wooden furniture under ge shillong,Service,FLY,Chandigarh,job
667,bids,invited for smart card printer total quantity : 1,UserServices,Ali Baba,Kolkata,job
668,bids,invited for tender for human resource outsourcing service total quantity : none,Service,Amazon,Bangalore,job
669,supplies,special repair to bldg no p 117 at umroi mil stn unde ge umroi,Service,Google,Ahmedabad,internship
670,bids,"invited for cab and taxi hiring service , cab and taxi hiring service total quantity : none",Service,Hooli,Jaipur,internship
671,bids,invitation of quotation for supply of constructional stores - miscellaneous goods,Service,Pied Piper,Indore,job
672,supplies,"bids are invited for television tv , television tv , television tv , television tv total quantity : 8",Service,FLY,Vadodara,job
673,bids,special rep / replacement of ber ocb at af stn singarsi,Service,Ali Baba,Chandigarh,job
674,bids,quotation for direct / local purchase of store,Service,Amazon,Mumbai,job
675,bids,quotation for direct / local purchase of store,Service,Google,Kolkata,internship
676,bids,repairs/replacement of storage type water heaters ( geysers ) and exhaust fans with allied works at af station liatkor peak under ge ( i ) ( af ) shillong,Service,Hooli,Hyderabad,internship
677,bids,special repairs to retaining wall near bldg no t 568 at zakhama mil stn,Service,Pied Piper,Ahmedabad,job
678,bids,provision of dehumidifier for 875 mt dry shed of 380 ( i ) sup p asc at likabali mil stn under ge 872 ews,Service,FLY,Pune,job
679,bids,tender for supply etc of 6 nos nos mva generator step ip transformers for kopliti,Service,Ali Baba,Jaipur,job
680,supply,invited for water baths total quantity : 1,Service,Amazon,Indore,internship
681,supply,iabp machine against buy back,Service,Google,Agra,job
682,supply,processing of advanced cardiac output monitor,UserServices,Hooli,Meerut,job
683,supply,dvt prophylaxis system,Service,Pied Piper,Rajkot,internship
684,bids,processing of one unit of 4k ultra hd camera unit against buy back,UserServices,FLY,Raipur,internship
685,bids,processing of 2 units of 4 -body mortuary chamber against buy back,UserServices,Ali Baba,Bangalore,internship
686,supply,processing of lens meter and ultrasonic pachymeter against buy back,Service,Amazon,Delhi,internship
687,supply,"processing of implants and accessories, on case to case consignment basis for ophthalmology ot",Service,Google,Guru gram,job
688,bids,construction of w b m with cc road from shaikh rajak house to shirsat house in p no 6 at indiranagar for m c parli v,UserServices,Hooli,Agra,job
689,bids,construction of w b m wit cc road from dhoke house b to c for in p no 6 indiranagar for m c parli v,Service,Pied Piper,Amritsar,internship
690,supplies,proposed construction of w b m road from talade house to reddy baba house in p no 6 indira nagar for m c parli v,Service,FLY,Hyderabad,internship
691,supply,proposed construction of c c road from a to b in p no 7 for m c parli v,Service,Ali Baba,Ahmedabad,job
692,supply,construction of cc road from ibrahim house to sheru pathan house in p no 7 for m c parli v,Service,Amazon,Delhi,internship
693,bids,proposed construction of cc road from sheru house to saraswati school in p no 7 for m c parli v,Service,Google,Mumbai,job
694,supply,proposed construction of cc road from m to h in p no 10 at sainagar for m c parli v,Service,Hooli,Kolkata,job
695,bids,proposed construction of cc road from b to h in p no 9 at ambedkar nagar for m c parli v,Service,Microsoft,Bangalore,internship
696,supply,proposed construction of drain bsd in p no 9 at bhagwan baba for m c parli v,Service,Infosys,Hyderabad,job
697,bids,proposed construction of cc road from u to v in p no 3 for m c parli v,Service,Ali Baba,Ahmedabad,job
698,supply,proposed construction of cc road from jagammath kale house to gautam sawant house p no 1 fo m c parli v,UserServices,Amazon,Indore,internship
699,supply,providing led fittings on and with 9 m high mast pole and allied works at bhalwani ( dalit wasti devryachiwadi ) tq beed dist beed,UserServices,Flipkart,Agra,job
700,supply,constructing wastage and garbage recycle system center at p . w . d . campus nandurbar tal . dist . nandurbar,UserServices,Hooli,Meerut,job
701,bids,proposed construction pf cc road from p to q in phule nagar p no 8 for m c parli v,UserServices,Microsoft,Rajkot,job
702,bids,proposed construction cc road from pithachi girni to shirsai house in p no 10 madhavbag for m c parli v,UserServices,Microsoft,Mumbai,job
703,supplies,proposed constructiion of cc road from x to y in p no 10 at sainagar for m c parli v,UserServices,Ali Baba,Ghaziabad,internship
704,bids,proposed constructin of cc road from tukaram rode house to amol road house in p no 3 for m c parli v,Service,Infosys,Noida,job
705,bids,improvement to road for pimpalkhute 3 to soyegaon road vr 135 ch 0 00 to 3 500 tal yeola dist nashik,Service,Google,Agra,internship
706,supplies,proposed construction of cc road from z to a in p no 3 for m c parli v,Service,FLY,Meerut,job
707,bids,bids are invited for multifunction machines mfm total quantity : 3,Service,FLY,Rajkot,job
708,bids,supply of spares for suction hose pipe .,Service,Amazon,Bhopal,job
709,bids,8777 term contract for artificer works to certain bldgs at ins angre and ins agnibahu,UserServices,Google,Mumbai,internship
710,bids,"provn of toilet block for mi room , near bldg no p-5 and addl toilets for jco / or at fort area nagpur under ge kamptee .",UserServices,Lalit,Ghaziabad,job
711,bids,"repairing rubber lining of msrl electrolytic cell tanks of emd plant , dongri buzurg mine",UserServices,Pied Piper,Noida,job
712,bids,"recovery of reduced ore and emd powder and washing of bottom emd at emd plant , dongri buzurg mine",UserServices,FLY,Chandigarh,job
713,bids,procurement od string insulator and hardware for pgcil ss 19 project,Service,Ali Baba,Kanpur,job
714,supply,repair of air conditioning system of bh60m 3872,Service,Amazon,Lucknow,internship
715,supply,in situ repairing of hoist pulley 02 no of 20 90 dragline,UserServices,Google,Faisalabad,job
716,supply,laying jointing leakage testing including transportation of ms pipe line 8 200mm dia at gouri ii ocm gsa,UserServices,DPS,Gwalior,internship
717,supply,clearing of jungle and stacking of scrap barrels at scrap yard area at excavation workshop of sasti ocm ballarpur area,UserServices,Pied Piper,Nagpur,job
718,bids,cleaning of store area loading unloading stacking transporting of store spares and used sub assemblies as per,UserServices,Hooli,Raipur,job
719,bids,repair of hoist cylinder 01 no for cat make dumper,UserServices,Pied Piper,Bangalore,job
720,supply,bids are invited for fluorescent lamps (fluorescent tubular lamps) total quantity : 1000,Service,Microsoft,Chennai,job
721,supply,tender for work of cleaning and maintaining flow in 12 nos of swd storm water drains outfalls during monsoon in c and d wards,Service,Ali Baba,Ahmedabad,internship
722,bids,replacement of inspection glasses for generator and motor,Service,Amazon,Vadodara,internship
723,bids,tender for insulation of ladder railings in dumpers,UserServices,Google,Nagpur,job
724,supplies,repair of drag rope drum of worn out rope grooves .,UserServices,sbi,Raipur,job
725,supply,hiring of hydraulic hooper,UserServices,Pied Piper,Bangalore,internship
726,supply,"supply of , tab montelukast 10 mg + levocetrizine 5 mg",UserServices,FLY,Chennai,job
727,bids,bids are invited for handheld digital infrared thermometer total quantity : 35,UserServices,Ali Baba,Vadodara,internship
728,supply,"supply of , tab folic acid 5 mg",UserServices,Lalit,Chandigarh,job
729,bids,"supply of , tab olmisartan 40 mg + hydrochlorthiazide 12.5 mg",UserServices,Google,Delhi,job
730,supply,construction of c c road from ho mahipal dhanvijay to ho as per nit,Service,HCL,Mumbai,job
731,bids,supply of vehicles for district water and sanition mission and rural water supply dpt . zilla parishad thane,Service,Pied Piper,Kolkata,job
732,supply,improvement to road for shirasgaon vidyalaya jai yogeshwar vidyalaya to valadgaon km 0 00 to 1 100 tal yeola dist nashik,UserServices,FLY,Bangalore,job
733,supply,improvement to hatti jaitapur to pandukharevasti to vr 16 paregaon vr no 145 tal chandwad dist nashik,Service,CT hospital,Hyderabad,internship
734,supply,drilling bore well and install electric motor in prabhag no . 65 rajendranagar dr . sarvapalli radhakrishnan vidyamandir premises,Service,CT hospital,Ahmedabad,job
735,bids,laying drainage line under prabhag no . 68 mhada colony,Service,CT hospital,Pune,job
736,bids,laying drainage line at prabhag no . 60 sirat mohalla dhandaulat bakery to sirat mohalla masjid,Service,CT hospital,Surat,internship
737,supplies,prabhag no . 10 to make distribution arrangements by digging coupon lines under sadar bazar,Service,Pied Piper,Jaipur,job
738,bids,removal of sludge and ancillary works from jackwell at dudhali nala rabade sheti,Service,Hooli,Indore,job
739,bids,construction of drainage chamber at jayanti nala and laying of pipeline at cpr catchpit,Service,Pied Piper,Agra,job
740,supplies,construction of rcc gutter and road crossing slab at various places in ward no . 1 2nd call,Service,FLY,Meerut,internship
741,bids,construction of wbm road with b t from ho shri govardhan to as per nit,Service,Ali Baba,Rajkot,job
742,bids,construction of c c road r c c drain h p drain as per nit,Service,Amazon,Vadodara,internship
743,bids,construction of c c road from ho bandu mandhare to ho as per nit,Service,Google,Nagpur,job
744,bids,construction of cc road rcc drain hp drain well ms grill cover at various places in prabhag no 02 06 14 16 under dalit wasti,Service,Hooli,Raipur,job
745,bids,beautification of z.p. primary school premices at lohagaon. tal. rahata dist. ahmednagar,Service,Pied Piper,Bangalore,job
746,bids,providing electrification work in n . p . chief officer bunglow at m . c . hingoli dist hingoli ( third call ) electrification work,Service,FLY,Chennai,job
747,bids,improvement to jaitapur odr 128 to pandurangvasti to indiranagar vr no 144 km 0 00 to 2 00 tal chandwad dist,Service,Ali Baba,Ahmedabad,job
748,supply,providing pipe line radhakrushananagar,Service,Amazon,Vadodara,internship
749,supply,improvement to road for nagarsul to golhewadi dhamangaon,Service,Google,Chandigarh,job
750,supply,improvement to road for andarsul padhegaon road to sonawane wasti road,Service,Hooli,Delhi,internship
751,supply,providing and installation street light pol ( octagonal ) for patel mill to momin house surrounding at vadgaon dist kolhapur,Service,Pied Piper,Mumbai,job
752,bids,construction of fallen chambers on drainage line at c ward jayanti nala,Service,FLY,Kolkata,internship
753,bids,to make cross connection at various places under prabhag no . 44 mangeshkar nagar,Service,Ali Baba,Bangalore,internship
754,supply,laying of drinking water pipeline for superintendent of police residences at kasba bawada bhagva chowk,Service,Amazon,Hyderabad,internship
755,supply,concreting to road radhakrushananagar at lohagaon. tal. rahata dist. ahmednagar,Service,Google,Ahmedabad,internship
756,bids,improvement to nandurtek chinchbari to wadbare road km 0 00 to 1 500 vr 56 tal chandwad dist nashik,Service,Hooli,Delhi,job
757,bids,construction of fencing in meharun tp-ii fp no 487 ganesh nager in ward no . 6,Service,Pied Piper,Mumbai,job
758,supplies,tender for comprehensive annual maintenance contract of xerox machines,Service,FLY,Kolkata,internship
759,supply,"repair/ replacement of sewage line , cleaning of septic tank and filter beds at ponda",Service,Ali Baba,Bangalore,job
760,supply,sale of institutional plots on outright basis.,Service,Amazon,Hyderabad,internship
761,bids,tender for handling and transportation of food grains.,Service,Google,Ahmedabad,job
762,supply,procurement of surgical lab,Service,Hooli,Indore,internship
763,bids,periodical services in md/ otm accn at bambolim camp area under ge panaji goa .,Service,Pied Piper,Agra,job
764,supply,periodical services of buildings and compound wall at ponda under ge panaji goa .,Service,FLY,Meerut,job
765,bids,"annual rate contract for purchase of laboratory/field consumables, chemicals and glassware.",Service,Ali Baba,Rajkot,job
766,supply,ici company axo nobles international marine coatings corosive protecting marine coating various size.,Service,Amazon,Mumbai,internship
767,supply,"repairing and renovation work of toilet, room.",Service,Google,Ghaziabad,job
768,supply,term contract for artificers works at madgaon area,Service,Hooli,Noida,internship
769,bids,term contract for artificers works at ponda area,UserServices,Pied Piper,Agra,job
770,bids,replacement of existing roof with galvalume sheet of building no t 1 t 2 at ins gomantak under ge gomantak vasco,UserServices,FLY,Meerut,job
771,supplies,repair to water supply and sewage pump set up,UserServices,Ali Baba,Rajkot,job
772,bids,tender for handling and transportation of food items.,Service,Amazon,Bhopal,internship
773,bids,providing of cleaning services in hospital.,Service,Google,Mumbai,job
774,supplies,"repairs to kitchen , bath , wc and connected works including service water tanks at madgaon",Service,Hooli,Ghaziabad,internship
775,bids,procurement of furniture for office of ee and sm c-ii and ee and sm -e- along with provision of conference hall for cpwd office at nirman bhavan bambolim goa 3rd call,Service,Pied Piper,Noida,job
776,bids,"repair/replacement of external electrification and allied works at bambolim and altinho under ge panaji , goa .",Service,FLY,Chandigarh,job
777,bids,"construction of anti paching centre, watch tower with patrolling station and replacement of old motor with new marine engine motor.",Service,Ali Baba,Kanpur,job
778,bids,providing galvalume sheet roof covering in income tax office building at patto panaji goa,Service,Amazon,Lucknow,internship
779,bids,drugs and pharmaceutical products - dglp medicines under pa procurement,Service,Google,Faisalabad,job
780,bids,repair and renovation works at pg block-civil works,Service,Hooli,Gwalior,job
781,bids,repair and renovation works at pg block-electrical works,Service,Pied Piper,Nagpur,internship
782,supply,special repairs replacement of hangar door at 321 hangar building no p 18 at ins hansa under ge nw vasco,Service,FLY,Raipur,job
783,supply,construction of shed for windrow composting for wet waste,Service,Ali Baba,Bangalore,internship
784,supply,438/2/128 lp of navigational brs and publication,UserServices,Amazon,Chennai,internship
785,supply,ms/729/dglp/surlab-20-21 pa for surg and lab out of dglp,UserServices,Google,Ahmedabad,job
786,bids,tender for eligible suppliers for non-patent veterinary medicines,Service,Hooli,Vadodara,job
787,bids,providing of housekeeping services with material without material,Service,Microsoft,Nagpur,internship
788,supply,providing of security services,Service,Infosys,Raipur,internship
789,supply,special repairs to swimming pool at 3mtr madgaon,Service,Ali Baba,Bangalore,internship
790,bids,comprehensive maintenance of light fitting/ fixtures etc,Service,Amazon,Chennai,job
791,bids,bids are invited for automatic external defibrillator (aed) total quantity : 1,Service,Flipkart,Vadodara,internship
792,supplies,improvement to water supply installations and periodical services to oh tanks and ug sumps,Service,Hooli,Chandigarh,job
793,supply,"supply, installation, commissioning of kitchen/ organic garbage base biogas project scheme.",Service,Microsoft,Delhi,internship
794,supply,"construction of encroachment prevention center, tower, replacement of old motor and new marine engine motor- obm df- 70 properal.",Service,Microsoft,Mumbai,internship
795,bids,procurement of one by type for mig aircraft,Service,Ali Baba,Kolkata,internship
796,bids,invited for almirah steel total quantity : 2,Service,Infosys,Bangalore,job
797,bids,invited for oil hydraulic total quantity : 1470,Service,Google,Hyderabad,job
798,supplies,housekeeping works in ao building at headland for a period of 190 working days .,UserServices,FLY,Ahmedabad,job
799,supplies,desilting of existing covered gutters in ward no. 22 to 25 within the jurisdiction of margao municipal council.,UserServices,FLY,Pune,internship
800,supplies,desilting of existing covered gutters in ward no. 16 to 18 within the jurisdiction of margao municipal council,UserServices,Amazon,Surat,job
